GEOID10,Total Beltline Zone,Northeast Study Area,Northside Study Area,Southeast Study Area,Southwest Study Area,Westside Study Area,Northeast Zone,Northside Zone,Southeast Zone,Southwest Zone,Westside Zone
1500000US130630402021,0,0,0,0,0,0,0,0,0,0,0
1500000US130630402022,0,0,0,0,0,0,0,0,0,0,0
1500000US130630402031,0,0,0,0,0,0,0,0,0,0,0
1500000US130630402032,0,0,0,0,0,0,0,0,0,0,0
1500000US130630402041,0,0,0,0,0,0,0,0,0,0,0
1500000US130630402042,0,0,0,0,0,0,0,0,0,0,0
1500000US130630402043,0,0,0,0,0,0,0,0,0,0,0
1500000US130630403021,0,0,0,0,0,0,0,0,0,0,0
1500000US130630403022,0,0,0,0,0,0,0,0,0,0,0
1500000US130630403023,0,0,0,0,0,0,0,0,0,0,0
1500000US130630403024,0,0,0,0,0,0,0,0,0,0,0
1500000US130630403031,0,0,0,0,0,0,0,0,0,0,0
1500000US130630403032,0,0,0,0,0,0,0,0,0,0,0
1500000US130630403033,0,0,0,0,0,0,0,0,0,0,0
1500000US130630403034,0,0,0,0,0,0,0,0,0,0,0
1500000US130630403035,0,0,0,0,0,0,0,0,0,0,0
1500000US130630403036,0,0,0,0,0,0,0,0,0,0,0
1500000US130630403061,0,0,0,0,0,0,0,0,0,0,0
1500000US130630403062,0,0,0,0,0,0,0,0,0,0,0
1500000US130630403071,0,0,0,0,0,0,0,0,0,0,0
1500000US130630403072,0,0,0,0,0,0,0,0,0,0,0
1500000US130630403081,0,0,0,0,0,0,0,0,0,0,0
1500000US130630403082,0,0,0,0,0,0,0,0,0,0,0
1500000US130630403083,0,0,0,0,0,0,0,0,0,0,0
1500000US130630404071,0,0,0,0,0,0,0,0,0,0,0
1500000US130630404072,0,0,0,0,0,0,0,0,0,0,0
1500000US130630404081,0,0,0,0,0,0,0,0,0,0,0
1500000US130630404082,0,0,0,0,0,0,0,0,0,0,0
1500000US130630404083,0,0,0,0,0,0,0,0,0,0,0
1500000US130630404091,0,0,0,0,0,0,0,0,0,0,0
1500000US130630404092,0,0,0,0,0,0,0,0,0,0,0
1500000US130630404101,0,0,0,0,0,0,0,0,0,0,0
1500000US130630404102,0,0,0,0,0,0,0,0,0,0,0
1500000US130630404111,0,0,0,0,0,0,0,0,0,0,0
1500000US130630404112,0,0,0,0,0,0,0,0,0,0,0
1500000US130630404113,0,0,0,0,0,0,0,0,0,0,0
1500000US130630404114,0,0,0,0,0,0,0,0,0,0,0
1500000US130630404121,0,0,0,0,0,0,0,0,0,0,0
1500000US130630404122,0,0,0,0,0,0,0,0,0,0,0
1500000US130630404123,0,0,0,0,0,0,0,0,0,0,0
1500000US130630404131,0,0,0,0,0,0,0,0,0,0,0
1500000US130630404132,0,0,0,0,0,0,0,0,0,0,0
1500000US130630404141,0,0,0,0,0,0,0,0,0,0,0
1500000US130630404151,0,0,0,0,0,0,0,0,0,0,0
1500000US130630404152,0,0,0,0,0,0,0,0,0,0,0
1500000US130630404153,0,0,0,0,0,0,0,0,0,0,0
1500000US130630404154,0,0,0,0,0,0,0,0,0,0,0
1500000US130630404161,0,0,0,0,0,0,0,0,0,0,0
1500000US130630404162,0,0,0,0,0,0,0,0,0,0,0
1500000US130630404171,0,0,0,0,0,0,0,0,0,0,0
1500000US130630404172,0,0,0,0,0,0,0,0,0,0,0
1500000US130630404173,0,0,0,0,0,0,0,0,0,0,0
1500000US130630405091,0,0,0,0,0,0,0,0,0,0,0
1500000US130630405092,0,0,0,0,0,0,0,0,0,0,0
1500000US130630405101,0,0,0,0,0,0,0,0,0,0,0
1500000US130630405102,0,0,0,0,0,0,0,0,0,0,0
1500000US130630405121,0,0,0,0,0,0,0,0,0,0,0
1500000US130630405122,0,0,0,0,0,0,0,0,0,0,0
1500000US130630405123,0,0,0,0,0,0,0,0,0,0,0
1500000US130630405131,0,0,0,0,0,0,0,0,0,0,0
1500000US130630405132,0,0,0,0,0,0,0,0,0,0,0
1500000US130630405133,0,0,0,0,0,0,0,0,0,0,0
1500000US130630405141,0,0,0,0,0,0,0,0,0,0,0
1500000US130630405142,0,0,0,0,0,0,0,0,0,0,0
1500000US130630405143,0,0,0,0,0,0,0,0,0,0,0
1500000US130630405151,0,0,0,0,0,0,0,0,0,0,0
1500000US130630405152,0,0,0,0,0,0,0,0,0,0,0
1500000US130630405153,0,0,0,0,0,0,0,0,0,0,0
1500000US130630405154,0,0,0,0,0,0,0,0,0,0,0
1500000US130630405161,0,0,0,0,0,0,0,0,0,0,0
1500000US130630405162,0,0,0,0,0,0,0,0,0,0,0
1500000US130630405163,0,0,0,0,0,0,0,0,0,0,0
1500000US130630405181,0,0,0,0,0,0,0,0,0,0,0
1500000US130630405182,0,0,0,0,0,0,0,0,0,0,0
1500000US130630405183,0,0,0,0,0,0,0,0,0,0,0
1500000US130630405191,0,0,0,0,0,0,0,0,0,0,0
1500000US130630405192,0,0,0,0,0,0,0,0,0,0,0
1500000US130630405201,0,0,0,0,0,0,0,0,0,0,0
1500000US130630405202,0,0,0,0,0,0,0,0,0,0,0
1500000US130630405203,0,0,0,0,0,0,0,0,0,0,0
1500000US130630405211,0,0,0,0,0,0,0,0,0,0,0
1500000US130630405212,0,0,0,0,0,0,0,0,0,0,0
1500000US130630405221,0,0,0,0,0,0,0,0,0,0,0
1500000US130630405222,0,0,0,0,0,0,0,0,0,0,0
1500000US130630405223,0,0,0,0,0,0,0,0,0,0,0
1500000US130630405231,0,0,0,0,0,0,0,0,0,0,0
1500000US130630405241,0,0,0,0,0,0,0,0,0,0,0
1500000US130630405242,0,0,0,0,0,0,0,0,0,0,0
1500000US130630405243,0,0,0,0,0,0,0,0,0,0,0
1500000US130630405244,0,0,0,0,0,0,0,0,0,0,0
1500000US130630405251,0,0,0,0,0,0,0,0,0,0,0
1500000US130630405261,0,0,0,0,0,0,0,0,0,0,0
1500000US130630405262,0,0,0,0,0,0,0,0,0,0,0
1500000US130630405263,0,0,0,0,0,0,0,0,0,0,0
1500000US130630406061,0,0,0,0,0,0,0,0,0,0,0
1500000US130630406062,0,0,0,0,0,0,0,0,0,0,0
1500000US130630406081,0,0,0,0,0,0,0,0,0,0,0
1500000US130630406082,0,0,0,0,0,0,0,0,0,0,0
1500000US130630406091,0,0,0,0,0,0,0,0,0,0,0
1500000US130630406092,0,0,0,0,0,0,0,0,0,0,0
1500000US130630406093,0,0,0,0,0,0,0,0,0,0,0
1500000US130630406111,0,0,0,0,0,0,0,0,0,0,0
1500000US130630406112,0,0,0,0,0,0,0,0,0,0,0
1500000US130630406113,0,0,0,0,0,0,0,0,0,0,0
1500000US130630406121,0,0,0,0,0,0,0,0,0,0,0
1500000US130630406122,0,0,0,0,0,0,0,0,0,0,0
1500000US130630406123,0,0,0,0,0,0,0,0,0,0,0
1500000US130630406131,0,0,0,0,0,0,0,0,0,0,0
1500000US130630406132,0,0,0,0,0,0,0,0,0,0,0
1500000US130630406133,0,0,0,0,0,0,0,0,0,0,0
1500000US130630406141,0,0,0,0,0,0,0,0,0,0,0
1500000US130630406142,0,0,0,0,0,0,0,0,0,0,0
1500000US130630406143,0,0,0,0,0,0,0,0,0,0,0
1500000US130630406151,0,0,0,0,0,0,0,0,0,0,0
1500000US130630406161,0,0,0,0,0,0,0,0,0,0,0
1500000US130630406162,0,0,0,0,0,0,0,0,0,0,0
1500000US130630406163,0,0,0,0,0,0,0,0,0,0,0
1500000US130630406171,0,0,0,0,0,0,0,0,0,0,0
1500000US130630406191,0,0,0,0,0,0,0,0,0,0,0
1500000US130630406201,0,0,0,0,0,0,0,0,0,0,0
1500000US130630406211,0,0,0,0,0,0,0,0,0,0,0
1500000US130630406212,0,0,0,0,0,0,0,0,0,0,0
1500000US130630406221,0,0,0,0,0,0,0,0,0,0,0
1500000US130630406222,0,0,0,0,0,0,0,0,0,0,0
1500000US130630406223,0,0,0,0,0,0,0,0,0,0,0
1500000US130639800001,0,0,0,0,0,0,0,0,0,0,0
1500000US130670301011,0,0,0,0,0,0,0,0,0,0,0
1500000US130670301012,0,0,0,0,0,0,0,0,0,0,0
1500000US130670301013,0,0,0,0,0,0,0,0,0,0,0
1500000US130670301014,0,0,0,0,0,0,0,0,0,0,0
1500000US130670301031,0,0,0,0,0,0,0,0,0,0,0
1500000US130670301032,0,0,0,0,0,0,0,0,0,0,0
1500000US130670301033,0,0,0,0,0,0,0,0,0,0,0
1500000US130670301041,0,0,0,0,0,0,0,0,0,0,0
1500000US130670301042,0,0,0,0,0,0,0,0,0,0,0
1500000US130670301061,0,0,0,0,0,0,0,0,0,0,0
1500000US130670301062,0,0,0,0,0,0,0,0,0,0,0
1500000US130670301063,0,0,0,0,0,0,0,0,0,0,0
1500000US130670301071,0,0,0,0,0,0,0,0,0,0,0
1500000US130670301072,0,0,0,0,0,0,0,0,0,0,0
1500000US130670302091,0,0,0,0,0,0,0,0,0,0,0
1500000US130670302092,0,0,0,0,0,0,0,0,0,0,0
1500000US130670302093,0,0,0,0,0,0,0,0,0,0,0
1500000US130670302141,0,0,0,0,0,0,0,0,0,0,0
1500000US130670302142,0,0,0,0,0,0,0,0,0,0,0
1500000US130670302143,0,0,0,0,0,0,0,0,0,0,0
1500000US130670302151,0,0,0,0,0,0,0,0,0,0,0
1500000US130670302152,0,0,0,0,0,0,0,0,0,0,0
1500000US130670302153,0,0,0,0,0,0,0,0,0,0,0
1500000US130670302154,0,0,0,0,0,0,0,0,0,0,0
1500000US130670302181,0,0,0,0,0,0,0,0,0,0,0
1500000US130670302182,0,0,0,0,0,0,0,0,0,0,0
1500000US130670302191,0,0,0,0,0,0,0,0,0,0,0
1500000US130670302192,0,0,0,0,0,0,0,0,0,0,0
1500000US130670302193,0,0,0,0,0,0,0,0,0,0,0
1500000US130670302194,0,0,0,0,0,0,0,0,0,0,0
1500000US130670302201,0,0,0,0,0,0,0,0,0,0,0
1500000US130670302221,0,0,0,0,0,0,0,0,0,0,0
1500000US130670302222,0,0,0,0,0,0,0,0,0,0,0
1500000US130670302223,0,0,0,0,0,0,0,0,0,0,0
1500000US130670302231,0,0,0,0,0,0,0,0,0,0,0
1500000US130670302232,0,0,0,0,0,0,0,0,0,0,0
1500000US130670302233,0,0,0,0,0,0,0,0,0,0,0
1500000US130670302241,0,0,0,0,0,0,0,0,0,0,0
1500000US130670302242,0,0,0,0,0,0,0,0,0,0,0
1500000US130670302261,0,0,0,0,0,0,0,0,0,0,0
1500000US130670302262,0,0,0,0,0,0,0,0,0,0,0
1500000US130670302263,0,0,0,0,0,0,0,0,0,0,0
1500000US130670302271,0,0,0,0,0,0,0,0,0,0,0
1500000US130670302272,0,0,0,0,0,0,0,0,0,0,0
1500000US130670302273,0,0,0,0,0,0,0,0,0,0,0
1500000US130670302281,0,0,0,0,0,0,0,0,0,0,0
1500000US130670302282,0,0,0,0,0,0,0,0,0,0,0
1500000US130670302283,0,0,0,0,0,0,0,0,0,0,0
1500000US130670302284,0,0,0,0,0,0,0,0,0,0,0
1500000US130670302291,0,0,0,0,0,0,0,0,0,0,0
1500000US130670302292,0,0,0,0,0,0,0,0,0,0,0
1500000US130670302301,0,0,0,0,0,0,0,0,0,0,0
1500000US130670302302,0,0,0,0,0,0,0,0,0,0,0
1500000US130670302311,0,0,0,0,0,0,0,0,0,0,0
1500000US130670302312,0,0,0,0,0,0,0,0,0,0,0
1500000US130670302313,0,0,0,0,0,0,0,0,0,0,0
1500000US130670302314,0,0,0,0,0,0,0,0,0,0,0
1500000US130670302321,0,0,0,0,0,0,0,0,0,0,0
1500000US130670302322,0,0,0,0,0,0,0,0,0,0,0
1500000US130670302331,0,0,0,0,0,0,0,0,0,0,0
1500000US130670302332,0,0,0,0,0,0,0,0,0,0,0
1500000US130670302341,0,0,0,0,0,0,0,0,0,0,0
1500000US130670302342,0,0,0,0,0,0,0,0,0,0,0
1500000US130670302351,0,0,0,0,0,0,0,0,0,0,0
1500000US130670302352,0,0,0,0,0,0,0,0,0,0,0
1500000US130670302361,0,0,0,0,0,0,0,0,0,0,0
1500000US130670302362,0,0,0,0,0,0,0,0,0,0,0
1500000US130670302381,0,0,0,0,0,0,0,0,0,0,0
1500000US130670302382,0,0,0,0,0,0,0,0,0,0,0
1500000US130670302391,0,0,0,0,0,0,0,0,0,0,0
1500000US130670302392,0,0,0,0,0,0,0,0,0,0,0
1500000US130670302393,0,0,0,0,0,0,0,0,0,0,0
1500000US130670303101,0,0,0,0,0,0,0,0,0,0,0
1500000US130670303102,0,0,0,0,0,0,0,0,0,0,0
1500000US130670303103,0,0,0,0,0,0,0,0,0,0,0
1500000US130670303104,0,0,0,0,0,0,0,0,0,0,0
1500000US130670303105,0,0,0,0,0,0,0,0,0,0,0
1500000US130670303111,0,0,0,0,0,0,0,0,0,0,0
1500000US130670303112,0,0,0,0,0,0,0,0,0,0,0
1500000US130670303113,0,0,0,0,0,0,0,0,0,0,0
1500000US130670303114,0,0,0,0,0,0,0,0,0,0,0
1500000US130670303121,0,0,0,0,0,0,0,0,0,0,0
1500000US130670303122,0,0,0,0,0,0,0,0,0,0,0
1500000US130670303123,0,0,0,0,0,0,0,0,0,0,0
1500000US130670303124,0,0,0,0,0,0,0,0,0,0,0
1500000US130670303131,0,0,0,0,0,0,0,0,0,0,0
1500000US130670303132,0,0,0,0,0,0,0,0,0,0,0
1500000US130670303133,0,0,0,0,0,0,0,0,0,0,0
1500000US130670303134,0,0,0,0,0,0,0,0,0,0,0
1500000US130670303135,0,0,0,0,0,0,0,0,0,0,0
1500000US130670303141,0,0,0,0,0,0,0,0,0,0,0
1500000US130670303142,0,0,0,0,0,0,0,0,0,0,0
1500000US130670303143,0,0,0,0,0,0,0,0,0,0,0
1500000US130670303181,0,0,0,0,0,0,0,0,0,0,0
1500000US130670303182,0,0,0,0,0,0,0,0,0,0,0
1500000US130670303183,0,0,0,0,0,0,0,0,0,0,0
1500000US130670303191,0,0,0,0,0,0,0,0,0,0,0
1500000US130670303192,0,0,0,0,0,0,0,0,0,0,0
1500000US130670303201,0,0,0,0,0,0,0,0,0,0,0
1500000US130670303202,0,0,0,0,0,0,0,0,0,0,0
1500000US130670303203,0,0,0,0,0,0,0,0,0,0,0
1500000US130670303221,0,0,0,0,0,0,0,0,0,0,0
1500000US130670303222,0,0,0,0,0,0,0,0,0,0,0
1500000US130670303241,0,0,0,0,0,0,0,0,0,0,0
1500000US130670303242,0,0,0,0,0,0,0,0,0,0,0
1500000US130670303261,0,0,0,0,0,0,0,0,0,0,0
1500000US130670303262,0,0,0,0,0,0,0,0,0,0,0
1500000US130670303263,0,0,0,0,0,0,0,0,0,0,0
1500000US130670303271,0,0,0,0,0,0,0,0,0,0,0
1500000US130670303272,0,0,0,0,0,0,0,0,0,0,0
1500000US130670303281,0,0,0,0,0,0,0,0,0,0,0
1500000US130670303282,0,0,0,0,0,0,0,0,0,0,0
1500000US130670303283,0,0,0,0,0,0,0,0,0,0,0
1500000US130670303291,0,0,0,0,0,0,0,0,0,0,0
1500000US130670303292,0,0,0,0,0,0,0,0,0,0,0
1500000US130670303301,0,0,0,0,0,0,0,0,0,0,0
1500000US130670303302,0,0,0,0,0,0,0,0,0,0,0
1500000US130670303303,0,0,0,0,0,0,0,0,0,0,0
1500000US130670303311,0,0,0,0,0,0,0,0,0,0,0
1500000US130670303312,0,0,0,0,0,0,0,0,0,0,0
1500000US130670303313,0,0,0,0,0,0,0,0,0,0,0
1500000US130670303321,0,0,0,0,0,0,0,0,0,0,0
1500000US130670303322,0,0,0,0,0,0,0,0,0,0,0
1500000US130670303331,0,0,0,0,0,0,0,0,0,0,0
1500000US130670303332,0,0,0,0,0,0,0,0,0,0,0
1500000US130670303333,0,0,0,0,0,0,0,0,0,0,0
1500000US130670303341,0,0,0,0,0,0,0,0,0,0,0
1500000US130670303342,0,0,0,0,0,0,0,0,0,0,0
1500000US130670303351,0,0,0,0,0,0,0,0,0,0,0
1500000US130670303352,0,0,0,0,0,0,0,0,0,0,0
1500000US130670303361,0,0,0,0,0,0,0,0,0,0,0
1500000US130670303362,0,0,0,0,0,0,0,0,0,0,0
1500000US130670303363,0,0,0,0,0,0,0,0,0,0,0
1500000US130670303364,0,0,0,0,0,0,0,0,0,0,0
1500000US130670303371,0,0,0,0,0,0,0,0,0,0,0
1500000US130670303372,0,0,0,0,0,0,0,0,0,0,0
1500000US130670303373,0,0,0,0,0,0,0,0,0,0,0
1500000US130670303391,0,0,0.0463,0,0,0,0,0,0,0,0
1500000US130670303392,0,0,0.0245,0,0,0,0,0,0,0,0
1500000US130670303401,0,0,0,0,0,0,0,0,0,0,0
1500000US130670303402,0,0,0,0,0,0,0,0,0,0,0
1500000US130670303411,0,0,0,0,0,0,0,0,0,0,0
1500000US130670303412,0,0,0,0,0,0,0,0,0,0,0
1500000US130670303421,0,0,0,0,0,0,0,0,0,0,0
1500000US130670303422,0,0,0,0,0,0,0,0,0,0,0
1500000US130670303431,0,0,0,0,0,0,0,0,0,0,0
1500000US130670303432,0,0,0,0,0,0,0,0,0,0,0
1500000US130670303433,0,0,0,0,0,0,0,0,0,0,0
1500000US130670303441,0,0,0,0,0,0,0,0,0,0,0
1500000US130670303442,0,0,0,0,0,0,0,0,0,0,0
1500000US130670303443,0,0,0,0,0,0,0,0,0,0,0
1500000US130670303451,0,0,0,0,0,0,0,0,0,0,0
1500000US130670303452,0,0,0,0,0,0,0,0,0,0,0
1500000US130670303453,0,0,0,0,0,0,0,0,0,0,0
1500000US130670304051,0,0,0,0,0,0,0,0,0,0,0
1500000US130670304052,0,0,0,0,0,0,0,0,0,0,0
1500000US130670304053,0,0,0,0,0,0,0,0,0,0,0
1500000US130670304054,0,0,0,0,0,0,0,0,0,0,0
1500000US130670304071,0,0,0,0,0,0,0,0,0,0,0
1500000US130670304072,0,0,0,0,0,0,0,0,0,0,0
1500000US130670304073,0,0,0,0,0,0,0,0,0,0,0
1500000US130670304081,0,0,0,0,0,0,0,0,0,0,0
1500000US130670304082,0,0,0,0,0,0,0,0,0,0,0
1500000US130670304091,0,0,0,0,0,0,0,0,0,0,0
1500000US130670304092,0,0,0,0,0,0,0,0,0,0,0
1500000US130670304101,0,0,0,0,0,0,0,0,0,0,0
1500000US130670304102,0,0,0,0,0,0,0,0,0,0,0
1500000US130670304111,0,0,0,0,0,0,0,0,0,0,0
1500000US130670304112,0,0,0,0,0,0,0,0,0,0,0
1500000US130670304113,0,0,0,0,0,0,0,0,0,0,0
1500000US130670304121,0,0,0,0,0,0,0,0,0,0,0
1500000US130670304122,0,0,0,0,0,0,0,0,0,0,0
1500000US130670304123,0,0,0,0,0,0,0,0,0,0,0
1500000US130670304124,0,0,0,0,0,0,0,0,0,0,0
1500000US130670304131,0,0,0,0,0,0,0,0,0,0,0
1500000US130670304132,0,0,0,0,0,0,0,0,0,0,0
1500000US130670304133,0,0,0,0,0,0,0,0,0,0,0
1500000US130670304141,0,0,0,0,0,0,0,0,0,0,0
1500000US130670304142,0,0,0,0,0,0,0,0,0,0,0
1500000US130670305021,0,0,0,0,0,0,0,0,0,0,0
1500000US130670305022,0,0,0,0,0,0,0,0,0,0,0
1500000US130670305023,0,0,0,0,0,0,0,0,0,0,0
1500000US130670305041,0,0,0,0,0,0,0,0,0,0,0
1500000US130670305042,0,0,0,0,0,0,0,0,0,0,0
1500000US130670305043,0,0,0,0,0,0,0,0,0,0,0
1500000US130670305044,0,0,0,0,0,0,0,0,0,0,0
1500000US130670305051,0,0,0,0,0,0,0,0,0,0,0
1500000US130670305052,0,0,0,0,0,0,0,0,0,0,0
1500000US130670305053,0,0,0,0,0,0,0,0,0,0,0
1500000US130670305054,0,0,0,0,0,0,0,0,0,0,0
1500000US130670305061,0,0,0,0,0,0,0,0,0,0,0
1500000US130670305062,0,0,0,0,0,0,0,0,0,0,0
1500000US130670305071,0,0,0,0,0,0,0,0,0,0,0
1500000US130670305072,0,0,0,0,0,0,0,0,0,0,0
1500000US130670306011,0,0,0,0,0,0,0,0,0,0,0
1500000US130670306012,0,0,0,0,0,0,0,0,0,0,0
1500000US130670306013,0,0,0,0,0,0,0,0,0,0,0
1500000US130670306021,0,0,0,0,0,0,0,0,0,0,0
1500000US130670306022,0,0,0,0,0,0,0,0,0,0,0
1500000US130670306023,0,0,0,0,0,0,0,0,0,0,0
1500000US130670306024,0,0,0,0,0,0,0,0,0,0,0
1500000US130670307001,0,0,0,0,0,0,0,0,0,0,0
1500000US130670307002,0,0,0,0,0,0,0,0,0,0,0
1500000US130670307003,0,0,0,0,0,0,0,0,0,0,0
1500000US130670307004,0,0,0,0,0,0,0,0,0,0,0
1500000US130670308001,0,0,0,0,0,0,0,0,0,0,0
1500000US130670308002,0,0,0,0,0,0,0,0,0,0,0
1500000US130670308003,0,0,0,0,0,0,0,0,0,0,0
1500000US130670309011,0,0,0,0,0,0,0,0,0,0,0
1500000US130670309012,0,0,0,0,0,0,0,0,0,0,0
1500000US130670309013,0,0,0,0,0,0,0,0,0,0,0
1500000US130670309014,0,0,0,0,0,0,0,0,0,0,0
1500000US130670309015,0,0,0,0,0,0,0,0,0,0,0
1500000US130670309021,0,0,0,0,0,0,0,0,0,0,0
1500000US130670309022,0,0,0,0,0,0,0,0,0,0,0
1500000US130670309023,0,0,0,0,0,0,0,0,0,0,0
1500000US130670309024,0,0,0,0,0,0,0,0,0,0,0
1500000US130670309041,0,0,0,0,0,0,0,0,0,0,0
1500000US130670309042,0,0,0,0,0,0,0,0,0,0,0
1500000US130670309043,0,0,0,0,0,0,0,0,0,0,0
1500000US130670309044,0,0,0,0,0,0,0,0,0,0,0
1500000US130670309051,0,0,0,0,0,0,0,0,0,0,0
1500000US130670309052,0,0,0,0,0,0,0,0,0,0,0
1500000US130670309053,0,0,0,0,0,0,0,0,0,0,0
1500000US130670309054,0,0,0,0,0,0,0,0,0,0,0
1500000US130670310011,0,0,0,0,0,0,0,0,0,0,0
1500000US130670310012,0,0,0,0,0,0,0,0,0,0,0
1500000US130670310013,0,0,0,0,0,0,0,0,0,0,0
1500000US130670310021,0,0,0,0,0,0,0,0,0,0,0
1500000US130670310022,0,0,0,0,0,0,0,0,0,0,0
1500000US130670310023,0,0,0,0,0,0,0,0,0,0,0
1500000US130670310024,0,0,0,0,0,0,0,0,0,0,0
1500000US130670310041,0,0,0,0,0,0,0,0,0,0,0
1500000US130670310042,0,0,0,0,0,0,0,0,0,0,0
1500000US130670310043,0,0,0,0,0,0,0,0,0,0,0
1500000US130670310044,0,0,0,0,0,0,0,0,0,0,0
1500000US130670310051,0,0,0,0,0,0,0,0,0,0,0
1500000US130670310052,0,0,0,0,0,0,0,0,0,0,0
1500000US130670311011,0,0,0,0,0,0,0,0,0,0,0
1500000US130670311012,0,0,0,0,0,0,0,0,0,0,0
1500000US130670311013,0,0,0,0,0,0,0,0,0,0,0
1500000US130670311061,0,0,0,0,0,0,0,0,0,0,0
1500000US130670311062,0,0,0,0,0,0,0,0,0,0,0
1500000US130670311063,0,0,0,0,0,0,0,0,0,0,0
1500000US130670311064,0,0,0,0,0,0,0,0,0,0,0
1500000US130670311081,0,0,0,0,0,0,0,0,0,0,0
1500000US130670311082,0,0,0,0,0,0,0,0,0,0,0
1500000US130670311083,0,0,0,0,0,0,0,0,0,0,0
1500000US130670311084,0,0,0,0,0,0,0,0,0,0,0
1500000US130670311101,0,0,0,0,0,0,0,0,0,0,0
1500000US130670311102,0,0,0,0,0,0,0,0,0,0,0
1500000US130670311111,0,0,0,0,0,0,0,0,0,0,0
1500000US130670311112,0,0,0,0,0,0,0,0,0,0,0
1500000US130670311121,0,0,0,0,0,0,0,0,0,0,0
1500000US130670311122,0,0,0,0,0,0,0,0,0,0,0
1500000US130670311123,0,0,0,0,0,0,0,0,0,0,0
1500000US130670311131,0,0,0,0,0,0,0,0,0,0,0
1500000US130670311141,0,0,0,0,0,0,0,0,0,0,0
1500000US130670311142,0,0,0,0,0,0,0,0,0,0,0
1500000US130670311143,0,0,0,0,0,0,0,0,0,0,0
1500000US130670311144,0,0,0,0,0,0,0,0,0,0,0
1500000US130670311151,0,0,0,0,0,0,0,0,0,0,0
1500000US130670311152,0,0,0,0,0,0,0,0,0,0,0
1500000US130670311161,0,0,0,0,0,0,0,0,0,0,0
1500000US130670311162,0,0,0,0,0,0,0,0,0,0,0
1500000US130670311163,0,0,0,0,0,0,0,0,0,0,0
1500000US130670311171,0,0,0,0,0,0,0,0,0,0,0
1500000US130670311172,0,0,0,0,0,0,0,0,0,0,0
1500000US130670311173,0,0,0,0,0,0,0,0,0,0,0
1500000US130670311181,0,0,0,0,0,0,0,0,0,0,0
1500000US130670311182,0,0,0,0,0,0,0,0,0,0,0
1500000US130670311183,0,0,0,0,0,0,0,0,0,0,0
1500000US130670312051,0,0,0.0236,0,0,0,0,0,0,0,0
1500000US130670312052,0,0,0,0,0,0,0,0,0,0,0
1500000US130670312053,0,0,0,0,0,0,0,0,0,0,0
1500000US130670312061,0,0,0,0,0,0,0,0,0,0,0
1500000US130670312062,0,0,0,0,0,0,0,0,0,0,0
1500000US130670312063,0,0,0,0,0,0,0,0,0,0,0
1500000US130670312071,0,0,0,0,0,0,0,0,0,0,0
1500000US130670312072,0,0,0,0,0,0,0,0,0,0,0
1500000US130670312073,0,0,0,0,0,0,0,0,0,0,0
1500000US130670312081,0,0,0,0,0,0,0,0,0,0,0
1500000US130670312082,0,0,0,0,0,0,0,0,0,0,0
1500000US130670312083,0,0,0,0,0,0,0,0,0,0,0
1500000US130670312091,0,0,0,0,0,0,0,0,0,0,0
1500000US130670312092,0,0,0,0,0,0,0,0,0,0,0
1500000US130670312111,0,0,0,0,0,0,0,0,0,0,0
1500000US130670312112,0,0,0,0,0,0,0,0,0,0,0
1500000US130670312113,0,0,0,0,0,0,0,0,0,0,0
1500000US130670312121,0,0,0.017,0,0,0,0,0,0,0,0
1500000US130670313061,0,0,0,0,0,0,0,0,0,0,0
1500000US130670313062,0,0,0,0,0,0,0,0,0,0,0
1500000US130670313071,0,0,0,0,0,0,0,0,0,0,0
1500000US130670313072,0,0,0,0,0,0,0,0,0,0,0
1500000US130670313073,0,0,0,0,0,0,0,0,0,0,0
1500000US130670313081,0,0,0,0,0,0,0,0,0,0,0
1500000US130670313082,0,0,0,0,0,0,0,0,0,0,0
1500000US130670313083,0,0,0,0,0,0,0,0,0,0,0
1500000US130670313091,0,0,0,0,0,0,0,0,0,0,0
1500000US130670313092,0,0,0,0,0,0,0,0,0,0,0
1500000US130670313093,0,0,0,0,0,0,0,0,0,0,0
1500000US130670313094,0,0,0,0,0,0,0,0,0,0,0
1500000US130670313101,0,0,0,0,0,0,0,0,0,0,0
1500000US130670313102,0,0,0,0,0,0,0,0,0,0,0
1500000US130670313103,0,0,0,0,0,0,0,0,0,0,0
1500000US130670313111,0,0,0,0,0,0,0,0,0,0,0
1500000US130670313112,0,0,0,0,0,0,0,0,0,0,0
1500000US130670313113,0,0,0,0,0,0,0,0,0,0,0
1500000US130670313121,0,0,0,0,0,0,0,0,0,0,0
1500000US130670313122,0,0,0,0,0,0,0,0,0,0,0
1500000US130670313123,0,0,0,0,0,0,0,0,0,0,0
1500000US130670313124,0,0,0,0,0,0.0017,0,0,0,0,0
1500000US130670313131,0,0,0,0,0,0,0,0,0,0,0
1500000US130670313132,0,0,0,0,0,0.012,0,0,0,0,0
1500000US130670314041,0,0,0,0,0,0,0,0,0,0,0
1500000US130670314042,0,0,0,0,0,0,0,0,0,0,0
1500000US130670314043,0,0,0,0,0,0,0,0,0,0,0
1500000US130670314044,0,0,0,0,0,0,0,0,0,0,0
1500000US130670314051,0,0,0,0,0,0,0,0,0,0,0
1500000US130670314052,0,0,0,0,0,0,0,0,0,0,0
1500000US130670314053,0,0,0,0,0,0,0,0,0,0,0
1500000US130670314054,0,0,0,0,0,0,0,0,0,0,0
1500000US130670314055,0,0,0,0,0,0,0,0,0,0,0
1500000US130670314061,0,0,0,0,0,0,0,0,0,0,0
1500000US130670314062,0,0,0,0,0,0,0,0,0,0,0
1500000US130670314063,0,0,0,0,0,0,0,0,0,0,0
1500000US130670314081,0,0,0,0,0,0,0,0,0,0,0
1500000US130670314082,0,0,0,0,0,0,0,0,0,0,0
1500000US130670314083,0,0,0,0,0,0,0,0,0,0,0
1500000US130670314091,0,0,0,0,0,0,0,0,0,0,0
1500000US130670314092,0,0,0,0,0,0,0,0,0,0,0
1500000US130670315031,0,0,0,0,0,0,0,0,0,0,0
1500000US130670315032,0,0,0,0,0,0,0,0,0,0,0
1500000US130670315033,0,0,0,0,0,0,0,0,0,0,0
1500000US130670315034,0,0,0,0,0,0,0,0,0,0,0
1500000US130670315051,0,0,0,0,0,0,0,0,0,0,0
1500000US130670315052,0,0,0,0,0,0,0,0,0,0,0
1500000US130670315053,0,0,0,0,0,0,0,0,0,0,0
1500000US130670315061,0,0,0,0,0,0,0,0,0,0,0
1500000US130670315062,0,0,0,0,0,0,0,0,0,0,0
1500000US130670315063,0,0,0,0,0,0,0,0,0,0,0
1500000US130670315071,0,0,0,0,0,0,0,0,0,0,0
1500000US130670315072,0,0,0,0,0,0,0,0,0,0,0
1500000US130670315081,0,0,0,0,0,0,0,0,0,0,0
1500000US130670315082,0,0,0,0,0,0,0,0,0,0,0
1500000US130670315091,0,0,0,0,0,0,0,0,0,0,0
1500000US130670315092,0,0,0,0,0,0,0,0,0,0,0
1500000US130670315093,0,0,0,0,0,0,0,0,0,0,0
1500000US130670315094,0,0,0,0,0,0,0,0,0,0,0
1500000US130670315095,0,0,0,0,0,0,0,0,0,0,0
1500000US130890201001,0,0.8219,0,0,0,0,0,0,0,0,0
1500000US130890202001,0,0.9637,0,0,0,0,0,0,0,0,0
1500000US130890202002,0,0.9648,0,0,0,0,0,0,0,0,0
1500000US130890203001,0,0.9183,0,0,0,0,0,0,0,0,0
1500000US130890203002,0,1,0,0,0,0,0,0,0,0,0
1500000US130890203003,0,0.9772,0,0.008,0,0,0,0,0,0,0
1500000US130890204001,0,1,0,0,0,0,0,0,0,0,0
1500000US130890204002,0.0003,0.9971,0,0.0034,0,0,0.0003,0,0,0,0
1500000US130890205001,0.0007,0.0081,0,0.9943,0,0,0,0,0.0007,0,0
1500000US130890205002,0,0,0,1,0,0,0,0,0,0,0
1500000US130890206001,0,0,0,1,0,0,0,0,0,0,0
1500000US130890206002,0,0.0108,0,0.9909,0,0,0,0,0,0,0
1500000US130890207001,0,0.0036,0,0.9884,0,0,0,0,0,0,0
1500000US130890207002,0,0,0,1,0,0,0,0,0,0,0
1500000US130890208011,0,0,0,0.964,0,0,0,0,0,0,0
1500000US130890208012,0,0,0,0.9415,0,0,0,0,0,0,0
1500000US130890208021,0,0,0,0.9991,0,0,0,0,0,0,0
1500000US130890208022,0,0,0,0.9623,0,0,0,0,0,0,0
1500000US130890208023,0,0,0,0.9937,0,0,0,0,0,0,0
1500000US130890208024,0,0,0,0.8881,0,0,0,0,0,0,0
1500000US130890209001,0,0,0,0.9972,0,0,0,0,0,0,0
1500000US130890209002,0,0,0,0.9294,0,0,0,0,0,0,0
1500000US130890209003,0,0,0,0.9729,0,0,0,0,0,0,0
1500000US130890209004,0,0,0,0.9506,0,0,0,0,0,0,0
1500000US130890211011,0,0,0,0,0,0,0,0,0,0,0
1500000US130890211021,0,0,0,0,0,0,0,0,0,0,0
1500000US130890211022,0,0,0.0068,0,0,0,0,0,0,0,0
1500000US130890211023,0,0,0,0,0,0,0,0,0,0,0
1500000US130890211024,0,0,0.0054,0,0,0,0,0,0,0,0
1500000US130890212021,0,0,0,0,0,0,0,0,0,0,0
1500000US130890212022,0,0,0,0,0,0,0,0,0,0,0
1500000US130890212023,0,0,0,0,0,0,0,0,0,0,0
1500000US130890212041,0,0,0,0,0,0,0,0,0,0,0
1500000US130890212042,0,0,0,0,0,0,0,0,0,0,0
1500000US130890212043,0,0,0,0,0,0,0,0,0,0,0
1500000US130890212081,0,0,0,0,0,0,0,0,0,0,0
1500000US130890212082,0,0,0,0,0,0,0,0,0,0,0
1500000US130890212091,0,0,0,0,0,0,0,0,0,0,0
1500000US130890212092,0,0,0,0,0,0,0,0,0,0,0
1500000US130890212093,0,0,0,0,0,0,0,0,0,0,0
1500000US130890212094,0,0,0,0,0,0,0,0,0,0,0
1500000US130890212101,0,0,0,0,0,0,0,0,0,0,0
1500000US130890212102,0,0,0,0,0,0,0,0,0,0,0
1500000US130890212103,0,0,0,0,0,0,0,0,0,0,0
1500000US130890212111,0,0,0,0,0,0,0,0,0,0,0
1500000US130890212112,0,0,0,0,0,0,0,0,0,0,0
1500000US130890212113,0,0,0,0,0,0,0,0,0,0,0
1500000US130890212131,0,0,0,0,0,0,0,0,0,0,0
1500000US130890212132,0,0,0,0,0,0,0,0,0,0,0
1500000US130890212141,0,0,0,0,0,0,0,0,0,0,0
1500000US130890212142,0,0,0,0,0,0,0,0,0,0,0
1500000US130890212143,0,0,0,0,0,0,0,0,0,0,0
1500000US130890212151,0,0,0,0,0,0,0,0,0,0,0
1500000US130890212152,0,0,0,0,0,0,0,0,0,0,0
1500000US130890212161,0,0,0,0,0,0,0,0,0,0,0
1500000US130890212162,0,0,0,0,0,0,0,0,0,0,0
1500000US130890212163,0,0,0,0,0,0,0,0,0,0,0
1500000US130890212171,0,0,0,0,0,0,0,0,0,0,0
1500000US130890212181,0,0,0,0,0,0,0,0,0,0,0
1500000US130890212182,0,0,0,0,0,0,0,0,0,0,0
1500000US130890212183,0,0,0,0,0,0,0,0,0,0,0
1500000US130890213011,0,0,0,0,0,0,0,0,0,0,0
1500000US130890213012,0,0,0,0,0,0,0,0,0,0,0
1500000US130890213031,0,0,0,0,0,0,0,0,0,0,0
1500000US130890213032,0,0,0,0,0,0,0,0,0,0,0
1500000US130890213033,0,0,0,0,0,0,0,0,0,0,0
1500000US130890213051,0,0,0,0,0,0,0,0,0,0,0
1500000US130890213052,0,0,0,0,0,0,0,0,0,0,0
1500000US130890213061,0,0,0,0,0,0,0,0,0,0,0
1500000US130890213062,0,0,0,0,0,0,0,0,0,0,0
1500000US130890213063,0,0,0,0,0,0,0,0,0,0,0
1500000US130890213071,0,0,0,0,0,0,0,0,0,0,0
1500000US130890213072,0,0,0,0,0,0,0,0,0,0,0
1500000US130890213081,0,0,0,0,0,0,0,0,0,0,0
1500000US130890213082,0,0,0,0,0,0,0,0,0,0,0
1500000US130890213083,0,0,0,0,0,0,0,0,0,0,0
1500000US130890214051,0,0,0,0,0,0,0,0,0,0,0
1500000US130890214052,0,0,0.0005,0,0,0,0,0,0,0,0
1500000US130890214053,0,0,0,0,0,0,0,0,0,0,0
1500000US130890214091,0,0,0,0,0,0,0,0,0,0,0
1500000US130890214092,0,0,0,0,0,0,0,0,0,0,0
1500000US130890214101,0,0,0,0,0,0,0,0,0,0,0
1500000US130890214102,0,0,0,0,0,0,0,0,0,0,0
1500000US130890214103,0,0,0,0,0,0,0,0,0,0,0
1500000US130890214111,0,0,0,0,0,0,0,0,0,0,0
1500000US130890214112,0,0,0,0,0,0,0,0,0,0,0
1500000US130890214121,0,0,0,0,0,0,0,0,0,0,0
1500000US130890214122,0,0,0,0,0,0,0,0,0,0,0
1500000US130890214123,0,0,0,0,0,0,0,0,0,0,0
1500000US130890214131,0,0,0,0,0,0,0,0,0,0,0
1500000US130890214132,0,0,0,0,0,0,0,0,0,0,0
1500000US130890214141,0,0,0,0,0,0,0,0,0,0,0
1500000US130890214142,0,0,0,0,0,0,0,0,0,0,0
1500000US130890214151,0,0,0.0076,0,0,0,0,0,0,0,0
1500000US130890214152,0,0,0.0233,0,0,0,0,0,0,0,0
1500000US130890214153,0,0,0,0,0,0,0,0,0,0,0
1500000US130890214161,0,0,0,0,0,0,0,0,0,0,0
1500000US130890214162,0,0,0,0,0,0,0,0,0,0,0
1500000US130890214171,0,0,0,0,0,0,0,0,0,0,0
1500000US130890214172,0,0,0,0,0,0,0,0,0,0,0
1500000US130890214173,0,0,0,0,0,0,0,0,0,0,0
1500000US130890215021,0,0.0001,0,0,0,0,0,0,0,0,0
1500000US130890215022,0,0,0,0,0,0,0,0,0,0,0
1500000US130890215023,0,0.0012,0,0,0,0,0,0,0,0,0
1500000US130890215031,0,0,0,0,0,0,0,0,0,0,0
1500000US130890215032,0,0,0,0,0,0,0,0,0,0,0
1500000US130890215033,0,0,0,0,0,0,0,0,0,0,0
1500000US130890215041,0,0,0,0,0,0,0,0,0,0,0
1500000US130890215042,0,0,0,0,0,0,0,0,0,0,0
1500000US130890215043,0,0.0001,0,0,0,0,0,0,0,0,0
1500000US130890216021,0,0,0,0,0,0,0,0,0,0,0
1500000US130890216022,0,0,0,0,0,0,0,0,0,0,0
1500000US130890216031,0,0,0,0,0,0,0,0,0,0,0
1500000US130890216032,0,0,0,0,0,0,0,0,0,0,0
1500000US130890216033,0,0,0,0,0,0,0,0,0,0,0
1500000US130890216041,0,0,0,0,0,0,0,0,0,0,0
1500000US130890216042,0,0,0,0,0,0,0,0,0,0,0
1500000US130890216051,0,0,0,0,0,0,0,0,0,0,0
1500000US130890216052,0,0,0,0,0,0,0,0,0,0,0
1500000US130890216053,0,0,0,0,0,0,0,0,0,0,0
1500000US130890217031,0,0,0,0,0,0,0,0,0,0,0
1500000US130890217032,0,0,0,0,0,0,0,0,0,0,0
1500000US130890217041,0,0,0,0,0,0,0,0,0,0,0
1500000US130890217042,0,0,0,0,0,0,0,0,0,0,0
1500000US130890217043,0,0,0,0,0,0,0,0,0,0,0
1500000US130890217051,0,0,0,0,0,0,0,0,0,0,0
1500000US130890217052,0,0,0,0,0,0,0,0,0,0,0
1500000US130890217053,0,0,0,0,0,0,0,0,0,0,0
1500000US130890217061,0,0,0,0,0,0,0,0,0,0,0
1500000US130890217062,0,0,0,0,0,0,0,0,0,0,0
1500000US130890217063,0,0,0,0,0,0,0,0,0,0,0
1500000US130890217064,0,0,0,0,0,0,0,0,0,0,0
1500000US130890218051,0,0,0,0,0,0,0,0,0,0,0
1500000US130890218052,0,0,0,0,0,0,0,0,0,0,0
1500000US130890218053,0,0,0,0,0,0,0,0,0,0,0
1500000US130890218061,0,0,0,0,0,0,0,0,0,0,0
1500000US130890218062,0,0,0,0,0,0,0,0,0,0,0
1500000US130890218063,0,0,0,0,0,0,0,0,0,0,0
1500000US130890218081,0,0,0,0,0,0,0,0,0,0,0
1500000US130890218082,0,0,0,0,0,0,0,0,0,0,0
1500000US130890218091,0,0,0,0,0,0,0,0,0,0,0
1500000US130890218092,0,0,0,0,0,0,0,0,0,0,0
1500000US130890218093,0,0,0,0,0,0,0,0,0,0,0
1500000US130890218094,0,0,0,0,0,0,0,0,0,0,0
1500000US130890218095,0,0,0,0,0,0,0,0,0,0,0
1500000US130890218101,0,0,0,0,0,0,0,0,0,0,0
1500000US130890218102,0,0,0,0,0,0,0,0,0,0,0
1500000US130890218103,0,0,0,0,0,0,0,0,0,0,0
1500000US130890218121,0,0,0,0,0,0,0,0,0,0,0
1500000US130890218122,0,0,0,0,0,0,0,0,0,0,0
1500000US130890218131,0,0,0,0,0,0,0,0,0,0,0
1500000US130890218141,0,0,0,0,0,0,0,0,0,0,0
1500000US130890218142,0,0,0,0,0,0,0,0,0,0,0
1500000US130890218143,0,0,0,0,0,0,0,0,0,0,0
1500000US130890218144,0,0,0,0,0,0,0,0,0,0,0
1500000US130890219061,0,0,0,0,0,0,0,0,0,0,0
1500000US130890219062,0,0,0,0,0,0,0,0,0,0,0
1500000US130890219063,0,0,0,0,0,0,0,0,0,0,0
1500000US130890219071,0,0,0,0,0,0,0,0,0,0,0
1500000US130890219072,0,0,0,0,0,0,0,0,0,0,0
1500000US130890219073,0,0,0,0,0,0,0,0,0,0,0
1500000US130890219081,0,0,0,0,0,0,0,0,0,0,0
1500000US130890219082,0,0,0,0,0,0,0,0,0,0,0
1500000US130890219091,0,0,0,0,0,0,0,0,0,0,0
1500000US130890219092,0,0,0,0,0,0,0,0,0,0,0
1500000US130890219093,0,0,0,0,0,0,0,0,0,0,0
1500000US130890219094,0,0,0,0,0,0,0,0,0,0,0
1500000US130890219101,0,0,0,0,0,0,0,0,0,0,0
1500000US130890219102,0,0,0,0,0,0,0,0,0,0,0
1500000US130890219103,0,0,0,0,0,0,0,0,0,0,0
1500000US130890219111,0,0,0,0,0,0,0,0,0,0,0
1500000US130890219112,0,0,0,0,0,0,0,0,0,0,0
1500000US130890219121,0,0,0,0,0,0,0,0,0,0,0
1500000US130890219122,0,0,0,0,0,0,0,0,0,0,0
1500000US130890219123,0,0,0,0,0,0,0,0,0,0,0
1500000US130890219131,0,0,0,0,0,0,0,0,0,0,0
1500000US130890219132,0,0,0,0,0,0,0,0,0,0,0
1500000US130890219133,0,0,0,0,0,0,0,0,0,0,0
1500000US130890220011,0,0,0,0,0,0,0,0,0,0,0
1500000US130890220012,0,0,0,0,0,0,0,0,0,0,0
1500000US130890220041,0,0,0,0,0,0,0,0,0,0,0
1500000US130890220042,0,0,0,0,0,0,0,0,0,0,0
1500000US130890220043,0,0,0,0,0,0,0,0,0,0,0
1500000US130890220051,0,0,0,0,0,0,0,0,0,0,0
1500000US130890220052,0,0,0,0,0,0,0,0,0,0,0
1500000US130890220053,0,0,0,0,0,0,0,0,0,0,0
1500000US130890220071,0,0,0,0,0,0,0,0,0,0,0
1500000US130890220072,0,0,0,0,0,0,0,0,0,0,0
1500000US130890220081,0,0,0,0,0,0,0,0,0,0,0
1500000US130890220082,0,0,0,0,0,0,0,0,0,0,0
1500000US130890220083,0,0,0,0,0,0,0,0,0,0,0
1500000US130890220084,0,0,0,0,0,0,0,0,0,0,0
1500000US130890220091,0,0,0,0,0,0,0,0,0,0,0
1500000US130890220092,0,0,0,0,0,0,0,0,0,0,0
1500000US130890220093,0,0,0,0,0,0,0,0,0,0,0
1500000US130890220101,0,0,0,0,0,0,0,0,0,0,0
1500000US130890221001,0,0,0,0,0,0,0,0,0,0,0
1500000US130890221002,0,0,0,0,0,0,0,0,0,0,0
1500000US130890222031,0,0,0,0,0,0,0,0,0,0,0
1500000US130890222041,0,0,0,0,0,0,0,0,0,0,0
1500000US130890222042,0,0,0,0,0,0,0,0,0,0,0
1500000US130890222043,0,0,0,0,0,0,0,0,0,0,0
1500000US130890222044,0,0,0,0,0,0,0,0,0,0,0
1500000US130890223011,0,0,0,0,0,0,0,0,0,0,0
1500000US130890223012,0,0,0,0,0,0,0,0,0,0,0
1500000US130890223013,0,0,0,0,0,0,0,0,0,0,0
1500000US130890223014,0,0,0,0,0,0,0,0,0,0,0
1500000US130890223015,0,0,0,0,0,0,0,0,0,0,0
1500000US130890223021,0,0,0,0,0,0,0,0,0,0,0
1500000US130890223022,0,0,0,0,0,0,0,0,0,0,0
1500000US130890223023,0,0,0,0,0,0,0,0,0,0,0
1500000US130890224011,0,0.0002,0,0,0,0,0,0,0,0,0
1500000US130890224012,0,0.0101,0,0,0,0,0,0,0,0,0
1500000US130890224013,0,0.0095,0,0,0,0,0,0,0,0,0
1500000US130890224021,0,0,0,0,0,0,0,0,0,0,0
1500000US130890224022,0,0,0,0,0,0,0,0,0,0,0
1500000US130890224031,0,0.0106,0,0.0006,0,0,0,0,0,0,0
1500000US130890224032,0,0.006,0,0,0,0,0,0,0,0,0
1500000US130890224033,0,0,0,0,0,0,0,0,0,0,0
1500000US130890225001,0,0,0,0,0,0,0,0,0,0,0
1500000US130890225002,0,0,0,0,0,0,0,0,0,0,0
1500000US130890225003,0,0,0,0,0,0,0,0,0,0,0
1500000US130890225004,0,0,0,0,0,0,0,0,0,0,0
1500000US130890226001,0,0,0,0,0,0,0,0,0,0,0
1500000US130890226002,0,0,0,0,0,0,0,0,0,0,0
1500000US130890226003,0,0,0,0,0,0,0,0,0,0,0
1500000US130890227001,0,0,0,0.024,0,0,0,0,0,0,0
1500000US130890227002,0,0,0,0,0,0,0,0,0,0,0
1500000US130890227003,0,0,0,0.0304,0,0,0,0,0,0,0
1500000US130890228001,0,0,0,0,0,0,0,0,0,0,0
1500000US130890228002,0,0,0,0.0262,0,0,0,0,0,0,0
1500000US130890228003,0,0,0,0,0,0,0,0,0,0,0
1500000US130890229001,0,0,0,0,0,0,0,0,0,0,0
1500000US130890229002,0,0,0,0.0113,0,0,0,0,0,0,0
1500000US130890229003,0,0,0,0,0,0,0,0,0,0,0
1500000US130890230001,0,0,0,0,0,0,0,0,0,0,0
1500000US130890231011,0,0,0,0,0,0,0,0,0,0,0
1500000US130890231012,0,0,0,0.0089,0,0,0,0,0,0,0
1500000US130890231013,0,0,0,0.0149,0,0,0,0,0,0,0
1500000US130890231014,0,0,0,0,0,0,0,0,0,0,0
1500000US130890231021,0,0,0,0,0,0,0,0,0,0,0
1500000US130890231022,0,0,0,0,0,0,0,0,0,0,0
1500000US130890231071,0,0,0,0,0,0,0,0,0,0,0
1500000US130890231072,0,0,0,0,0,0,0,0,0,0,0
1500000US130890231073,0,0,0,0,0,0,0,0,0,0,0
1500000US130890231081,0,0,0,0,0,0,0,0,0,0,0
1500000US130890231082,0,0,0,0,0,0,0,0,0,0,0
1500000US130890231083,0,0,0,0,0,0,0,0,0,0,0
1500000US130890231111,0,0,0,0,0,0,0,0,0,0,0
1500000US130890231121,0,0,0,0,0,0,0,0,0,0,0
1500000US130890231122,0,0,0,0,0,0,0,0,0,0,0
1500000US130890231123,0,0,0,0,0,0,0,0,0,0,0
1500000US130890231131,0,0,0,0,0,0,0,0,0,0,0
1500000US130890231132,0,0,0,0,0,0,0,0,0,0,0
1500000US130890231141,0,0,0,0,0,0,0,0,0,0,0
1500000US130890231142,0,0,0,0,0,0,0,0,0,0,0
1500000US130890231151,0,0,0,0,0,0,0,0,0,0,0
1500000US130890232041,0,0,0,0,0,0,0,0,0,0,0
1500000US130890232042,0,0,0,0,0,0,0,0,0,0,0
1500000US130890232043,0,0,0,0,0,0,0,0,0,0,0
1500000US130890232061,0,0,0,0,0,0,0,0,0,0,0
1500000US130890232062,0,0,0,0,0,0,0,0,0,0,0
1500000US130890232063,0,0,0,0,0,0,0,0,0,0,0
1500000US130890232081,0,0,0,0,0,0,0,0,0,0,0
1500000US130890232082,0,0,0,0,0,0,0,0,0,0,0
1500000US130890232083,0,0,0,0,0,0,0,0,0,0,0
1500000US130890232091,0,0,0,0,0,0,0,0,0,0,0
1500000US130890232092,0,0,0,0,0,0,0,0,0,0,0
1500000US130890232093,0,0,0,0,0,0,0,0,0,0,0
1500000US130890232101,0,0,0,0,0,0,0,0,0,0,0
1500000US130890232102,0,0,0,0,0,0,0,0,0,0,0
1500000US130890232103,0,0,0,0,0,0,0,0,0,0,0
1500000US130890232104,0,0,0,0,0,0,0,0,0,0,0
1500000US130890232105,0,0,0,0,0,0,0,0,0,0,0
1500000US130890232111,0,0,0,0,0,0,0,0,0,0,0
1500000US130890232112,0,0,0,0,0,0,0,0,0,0,0
1500000US130890232121,0,0,0,0,0,0,0,0,0,0,0
1500000US130890232122,0,0,0,0,0,0,0,0,0,0,0
1500000US130890232131,0,0,0,0,0,0,0,0,0,0,0
1500000US130890232132,0,0,0,0,0,0,0,0,0,0,0
1500000US130890232133,0,0,0,0,0,0,0,0,0,0,0
1500000US130890232141,0,0,0,0,0,0,0,0,0,0,0
1500000US130890232142,0,0,0,0,0,0,0,0,0,0,0
1500000US130890233031,0,0,0,0,0,0,0,0,0,0,0
1500000US130890233032,0,0,0,0,0,0,0,0,0,0,0
1500000US130890233033,0,0,0,0,0,0,0,0,0,0,0
1500000US130890233034,0,0,0,0,0,0,0,0,0,0,0
1500000US130890233061,0,0,0,0,0,0,0,0,0,0,0
1500000US130890233062,0,0,0,0,0,0,0,0,0,0,0
1500000US130890233063,0,0,0,0,0,0,0,0,0,0,0
1500000US130890233091,0,0,0,0,0,0,0,0,0,0,0
1500000US130890233092,0,0,0,0,0,0,0,0,0,0,0
1500000US130890233093,0,0,0,0,0,0,0,0,0,0,0
1500000US130890233094,0,0,0,0,0,0,0,0,0,0,0
1500000US130890233101,0,0,0,0,0,0,0,0,0,0,0
1500000US130890233102,0,0,0,0,0,0,0,0,0,0,0
1500000US130890233103,0,0,0,0,0,0,0,0,0,0,0
1500000US130890233104,0,0,0,0,0,0,0,0,0,0,0
1500000US130890233111,0,0,0,0,0,0,0,0,0,0,0
1500000US130890233112,0,0,0,0,0,0,0,0,0,0,0
1500000US130890233121,0,0,0,0,0,0,0,0,0,0,0
1500000US130890233122,0,0,0,0,0,0,0,0,0,0,0
1500000US130890233123,0,0,0,0,0,0,0,0,0,0,0
1500000US130890233131,0,0,0,0,0,0,0,0,0,0,0
1500000US130890233132,0,0,0,0,0,0,0,0,0,0,0
1500000US130890233141,0,0,0,0,0,0,0,0,0,0,0
1500000US130890233142,0,0,0,0,0,0,0,0,0,0,0
1500000US130890233143,0,0,0,0,0,0,0,0,0,0,0
1500000US130890233151,0,0,0,0,0,0,0,0,0,0,0
1500000US130890233152,0,0,0,0,0,0,0,0,0,0,0
1500000US130890233161,0,0,0,0,0,0,0,0,0,0,0
1500000US130890233162,0,0,0,0,0,0,0,0,0,0,0
1500000US130890233163,0,0,0,0,0,0,0,0,0,0,0
1500000US130890234101,0,0,0,0,0,0,0,0,0,0,0
1500000US130890234102,0,0,0,0,0,0,0,0,0,0,0
1500000US130890234111,0,0,0,0,0,0,0,0,0,0,0
1500000US130890234112,0,0,0,0,0,0,0,0,0,0,0
1500000US130890234121,0,0,0,0,0,0,0,0,0,0,0
1500000US130890234122,0,0,0,0,0,0,0,0,0,0,0
1500000US130890234123,0,0,0,0,0,0,0,0,0,0,0
1500000US130890234131,0,0,0,0,0,0,0,0,0,0,0
1500000US130890234132,0,0,0,0,0,0,0,0,0,0,0
1500000US130890234141,0,0,0,0,0,0,0,0,0,0,0
1500000US130890234142,0,0,0,0,0,0,0,0,0,0,0
1500000US130890234143,0,0,0,0,0,0,0,0,0,0,0
1500000US130890234161,0,0,0,0,0,0,0,0,0,0,0
1500000US130890234162,0,0,0,0,0,0,0,0,0,0,0
1500000US130890234163,0,0,0,0,0,0,0,0,0,0,0
1500000US130890234164,0,0,0,0,0,0,0,0,0,0,0
1500000US130890234181,0,0,0,0,0,0,0,0,0,0,0
1500000US130890234182,0,0,0,0,0,0,0,0,0,0,0
1500000US130890234183,0,0,0,0,0,0,0,0,0,0,0
1500000US130890234184,0,0,0,0,0,0,0,0,0,0,0
1500000US130890234191,0,0,0,0,0,0,0,0,0,0,0
1500000US130890234192,0,0,0,0,0,0,0,0,0,0,0
1500000US130890234193,0,0,0,0,0,0,0,0,0,0,0
1500000US130890234211,0,0,0,0,0,0,0,0,0,0,0
1500000US130890234212,0,0,0,0,0,0,0,0,0,0,0
1500000US130890234213,0,0,0,0,0,0,0,0,0,0,0
1500000US130890234221,0,0,0,0,0,0,0,0,0,0,0
1500000US130890234222,0,0,0,0,0,0,0,0,0,0,0
1500000US130890234231,0,0,0,0,0,0,0,0,0,0,0
1500000US130890234232,0,0,0,0,0,0,0,0,0,0,0
1500000US130890234233,0,0,0,0.002,0,0,0,0,0,0,0
1500000US130890234241,0,0,0,0,0,0,0,0,0,0,0
1500000US130890234242,0,0,0,0,0,0,0,0,0,0,0
1500000US130890234251,0,0,0,0,0,0,0,0,0,0,0
1500000US130890234252,0,0,0,0,0,0,0,0,0,0,0
1500000US130890234261,0,0,0,0,0,0,0,0,0,0,0
1500000US130890234262,0,0,0,0,0,0,0,0,0,0,0
1500000US130890234271,0,0,0,0,0,0,0,0,0,0,0
1500000US130890234272,0,0,0,0,0,0,0,0,0,0,0
1500000US130890234281,0,0,0,0,0,0,0,0,0,0,0
1500000US130890234282,0,0,0,0,0,0,0,0,0,0,0
1500000US130890234283,0,0,0,0,0,0,0,0,0,0,0
1500000US130890234284,0,0,0,0,0,0,0,0,0,0,0
1500000US130890235011,0,0,0,0,0,0,0,0,0,0,0
1500000US130890235012,0,0,0,0,0,0,0,0,0,0,0
1500000US130890235041,0,0,0,0,0,0,0,0,0,0,0
1500000US130890235042,0,0,0,0,0,0,0,0,0,0,0
1500000US130890235043,0,0,0,0,0,0,0,0,0,0,0
1500000US130890235051,0,0,0,0,0,0,0,0,0,0,0
1500000US130890235052,0,0,0,0,0,0,0,0,0,0,0
1500000US130890235061,0,0,0,0,0,0,0,0,0,0,0
1500000US130890235062,0,0,0,0,0,0,0,0,0,0,0
1500000US130890235063,0,0,0,0,0,0,0,0,0,0,0
1500000US130890235071,0,0,0,0,0,0,0,0,0,0,0
1500000US130890235072,0,0,0,0,0,0,0,0,0,0,0
1500000US130890235073,0,0,0,0,0,0,0,0,0,0,0
1500000US130890236011,0,0,0,0.0193,0,0,0,0,0,0,0
1500000US130890236012,0,0,0,0,0,0,0,0,0,0,0
1500000US130890236013,0,0,0,0,0,0,0,0,0,0,0
1500000US130890236021,0,0,0,0,0,0,0,0,0,0,0
1500000US130890236022,0,0,0,0,0,0,0,0,0,0,0
1500000US130890236031,0,0,0,0,0,0,0,0,0,0,0
1500000US130890236032,0,0,0,0,0,0,0,0,0,0,0
1500000US130890237001,0,0,0,0.0085,0,0,0,0,0,0,0
1500000US130890237002,0,0,0,0,0,0,0,0,0,0,0
1500000US130890237003,0,0,0,0,0,0,0,0,0,0,0
1500000US130890237004,0,0,0,0.176,0,0,0,0,0,0,0
1500000US130890238011,0,0,0,0.0029,0,0,0,0,0,0,0
1500000US130890238012,0,0,0,0.0008,0,0,0,0,0,0,0
1500000US130890238013,0,0,0,0.0116,0,0,0,0,0,0,0
1500000US130890238021,0,0,0,0,0,0,0,0,0,0,0
1500000US130890238022,0,0,0,0.0001,0,0,0,0,0,0,0
1500000US130890238031,0,0,0,0,0,0,0,0,0,0,0
1500000US130890238032,0,0,0,0,0,0,0,0,0,0,0
1500000US130890238033,0,0,0,0,0,0,0,0,0,0,0
1500000US130890238034,0,0,0,0.0022,0,0,0,0,0,0,0
1500000US130899800001,0,0,0,0.0595,0,0,0,0,0,0,0
1500000US131210001001,0,0.9557,0,0,0,0,0,0,0,0,0
1500000US131210001002,0,0.9423,0,0,0,0,0,0,0,0,0
1500000US131210001003,0.0002,0.9933,0,0,0,0,0.0002,0,0,0,0
1500000US131210001004,0,0.996,0,0,0,0,0,0,0,0,0
1500000US131210002001,0.9178,1,0,0,0,0,0.9178,0,0,0,0
1500000US131210002002,0.6716,1,0,0,0,0,0.6716,0,0,0,0
1500000US131210002003,0.2813,1,0,0,0,0,0.2813,0,0,0,0
1500000US131210002004,0.5305,1,0,0,0,0,0.5305,0,0,0,0
1500000US131210002005,0.6918,1,0,0,0,0,0.6918,0,0,0,0
1500000US131210004001,0.001,1,0,0,0,0,0.001,0,0,0,0
1500000US131210004002,0.7898,1,0,0,0,0,0.7898,0,0,0,0
1500000US131210005001,0,0.426,0.5738,0,0,0,0,0,0,0,0
1500000US131210005002,0.5095,1,0,0,0,0,0.5095,0,0,0,0
1500000US131210005003,0.5409,0.8406,0.1597,0,0,0,0.4364,0.1046,0,0,0
1500000US131210006001,0.0159,0,1,0,0,0,0,0.0159,0,0,0
1500000US131210007001,1,0,0,0,0,1,0,0,0,0,1
1500000US131210007002,1,0,0.0061,0,0,0.9949,0,0.0061,0,0,0.9949
1500000US131210010011,0,0,1,0,0,0,0,0,0,0,0
1500000US131210010012,0,0.6715,0.3282,0,0,0,0,0,0,0,0
1500000US131210010021,0.0027,0.0001,0.9947,0,0,0.0055,0,0.0027,0,0,0
1500000US131210011001,0,1,0,0,0,0,0,0,0,0,0
1500000US131210011002,0,1,0,0,0,0,0,0,0,0,0
1500000US131210011003,0.034,1,0,0,0,0,0.034,0,0,0,0
1500000US131210012011,0.0004,1,0,0,0,0,0.0004,0,0,0,0
1500000US131210012012,0,1,0,0,0,0,0,0,0,0,0
1500000US131210012021,0,1,0,0,0,0,0,0,0,0,0
1500000US131210012022,0,1,0,0,0,0,0,0,0,0,0
1500000US131210013001,0.9141,1,0,0,0,0,0.9141,0,0,0,0
1500000US131210013002,0.6836,1,0,0,0,0,0.6836,0,0,0,0
1500000US131210013003,0.2548,1,0,0,0,0,0.2548,0,0,0,0
1500000US131210014001,1,1,0,0,0,0,1,0,0,0,0
1500000US131210014002,0.9994,1,0,0,0,0,0.9994,0,0,0,0
1500000US131210015001,0.2161,1,0,0,0,0,0.2161,0,0,0,0
1500000US131210015002,0.0002,1,0,0,0,0,0.0002,0,0,0,0
1500000US131210015003,0.0005,1,0,0,0,0,0.0005,0,0,0,0
1500000US131210015004,0.0001,1,0,0,0,0,0.0001,0,0,0,0
1500000US131210016001,0.6668,1,0,0,0,0,0.6668,0,0,0,0
1500000US131210017001,0.9997,1,0,0,0,0,0.9997,0,0,0,0
1500000US131210017002,0.9996,1,0,0,0,0,0.9996,0,0,0,0
1500000US131210018001,0,1,0,0,0,0,0,0,0,0,0
1500000US131210018002,0.0002,1,0,0,0,0,0.0002,0,0,0,0
1500000US131210018003,0,1,0,0,0,0,0,0,0,0,0
1500000US131210019001,0,0.9948,0.0056,0,0,0,0,0,0,0,0
1500000US131210019002,0,0.9998,0.0002,0,0,0,0,0,0,0,0
1500000US131210021001,0,0.9985,0.0022,0,0,0,0,0,0,0,0
1500000US131210023001,0,0,0,0,0,1,0,0,0,0,0
1500000US131210023002,0.6801,0,0,0,0,1,0,0,0,0,0.6801
1500000US131210023003,1,0,0,0,0,1,0,0,0,0,1
1500000US131210024001,1,0,0,0,0,1,0,0,0,0,1
1500000US131210024002,1,0,0,0,0,1,0,0,0,0,1
1500000US131210025001,0.0022,0,0,0,0,1,0,0,0,0,0.0022
1500000US131210025002,0,0,0,0,0,1,0,0,0,0,0
1500000US131210026001,0,0.5242,0,0,0,0.4757,0,0,0,0,0
1500000US131210028001,0,1,0,0,0,0,0,0,0,0,0
1500000US131210028002,0.0013,1,0,0,0,0,0.0013,0,0,0,0
1500000US131210029001,0.9999,1,0,0,0,0,0.9999,0,0,0,0
1500000US131210030001,1,1,0,0,0,0,1,0,0,0,0
1500000US131210030002,0.9022,0.9786,0,0.0218,0,0,0.8808,0,0.0218,0,0
1500000US131210031001,0.9966,0,0,1,0,0,0,0,0.9966,0,0
1500000US131210031002,0.9966,0.0005,0,1,0,0,0.0005,0,0.9966,0,0
1500000US131210032001,0.773,0.0142,0,0.9879,0,0,0.0112,0,0.7639,0,0
1500000US131210035001,0,0.593,0,0.4075,0,0,0,0,0,0,0
1500000US131210035002,0,1,0,0,0,0,0,0,0,0,0
1500000US131210036001,0,0.5069,0,0,0,0.4918,0,0,0,0,0
1500000US131210037001,0,0,0,0,0,1,0,0,0,0,0
1500000US131210038001,0.0002,0.0013,0,0,0,0.9984,0,0,0,0,0.0002
1500000US131210039001,1,0,0,0,0.0029,0.9972,0,0,0,0.0029,0.9972
1500000US131210039002,0.5163,0,0,0,0.0039,0.9972,0,0,0,0,0.5162
1500000US131210040001,0.4273,0,0,0,0.0057,0.994,0,0,0,0,0.4273
1500000US131210040002,0.6593,0,0,0,0.7232,0.2805,0,0,0,0.5824,0.0776
1500000US131210040003,0.6473,0,0,0,0,1,0,0,0,0,0.6473
1500000US131210041001,1,0,0,0,0.998,0.002,0,0,0,0.9979,0.002
1500000US131210041002,1,0,0,0,1,0,0,0,0,1,0
1500000US131210041003,1,0,0,0,1,0,0,0,0,1,0
1500000US131210042001,0.0002,0,0,0,0.0262,0.9764,0,0,0,0.0002,0
1500000US131210042002,0.7221,0,0,0,0.9517,0.0484,0,0,0,0.7221,0
1500000US131210043001,0,0,0,0,0.1867,0.812,0,0,0,0,0
1500000US131210043002,0,0.6506,0,0,0.0001,0.3484,0,0,0,0,0
1500000US131210044001,0,0.1709,0,0,0.8282,0,0,0,0,0,0
1500000US131210048001,0,0.0001,0,1,0,0,0,0,0,0,0
1500000US131210049001,0,0,0,1,0,0,0,0,0,0,0
1500000US131210049002,0,0,0,1,0,0,0,0,0,0,0
1500000US131210050001,0.7397,0,0,1,0,0,0,0,0.7397,0,0
1500000US131210052001,0.6999,0,0,1,0,0,0,0,0.6999,0,0
1500000US131210052002,0.4221,0,0,1,0,0,0,0,0.4221,0,0
1500000US131210052003,0.9783,0,0,1,0,0,0,0,0.9783,0,0
1500000US131210053001,0.9996,0,0,1,0,0,0,0,0.9996,0,0
1500000US131210053002,0,0,0,1,0,0,0,0,0,0,0
1500000US131210053003,0.9955,0,0,1,0,0,0,0,0.9955,0,0
1500000US131210055011,0,0,0,1,0,0,0,0,0,0,0
1500000US131210055012,0.9941,0,0,1,0,0,0,0,0.9941,0,0
1500000US131210055021,0.731,0,0,1,0,0,0,0,0.731,0,0
1500000US131210057001,0.0002,0,0,0,1,0,0,0,0,0.0002,0
1500000US131210058001,0.6587,0,0,0,0.9996,0.0004,0,0,0,0.6587,0
1500000US131210060001,0.3008,0,0,0,1,0,0,0,0,0.3008,0
1500000US131210060002,0.3614,0,0,0,1,0,0,0,0,0.3614,0
1500000US131210060003,0.1814,0,0,0,1,0,0,0,0,0.1814,0
1500000US131210060004,1,0,0,0,1,0,0,0,0,1,0
1500000US131210061001,1,0,0,0,1,0,0,0,0,1,0
1500000US131210061002,0.2645,0,0,0,1,0,0,0,0,0.2645,0
1500000US131210061003,0,0,0,0,1,0,0,0,0,0,0
1500000US131210061004,0.0607,0,0,0,1,0,0,0,0,0.0607,0
1500000US131210062001,0.9999,0,0,0,1,0,0,0,0,0.9999,0
1500000US131210062002,0.7096,0,0,0,1,0,0,0,0,0.7096,0
1500000US131210063001,0.9521,0,0,0.2217,0.7795,0,0,0,0.2217,0.7316,0
1500000US131210063002,0.2871,0,0,0,1,0,0,0,0,0.2871,0
1500000US131210064001,0.8507,0,0,1,0,0,0,0,0.8507,0,0
1500000US131210065001,0.5146,0,0,0.0227,0.9815,0,0,0,0.0098,0.5065,0
1500000US131210065002,0.0038,0,0,0,1,0,0,0,0,0.0038,0
1500000US131210065003,1,0,0,0,1,0,0,0,0,1,0
1500000US131210065004,0.9998,0,0,0,1,0,0,0,0,0.9998,0
1500000US131210066011,0.4491,0,0,0,1,0,0,0,0,0.4491,0
1500000US131210066012,0,0,0,0,1,0,0,0,0,0,0
1500000US131210066021,0,0,0,0,1,0,0,0,0,0,0
1500000US131210067001,0.0003,0,0,1,0,0,0,0,0.0003,0,0
1500000US131210067002,0.413,0,0,1,0,0,0,0,0.413,0,0
1500000US131210067003,0,0,0,1,0,0,0,0,0,0,0
1500000US131210068011,0.0032,0,0,1,0,0,0,0,0.0032,0,0
1500000US131210068021,0,0,0,1,0,0,0,0,0,0,0
1500000US131210069001,0,0,0,0.9995,0,0,0,0,0,0,0
1500000US131210069002,0.0042,0,0,1,0,0,0,0,0.0042,0,0
1500000US131210069003,0.5388,0,0,1,0,0,0,0,0.5388,0,0
1500000US131210070011,0,0,0,0.9999,0.0003,0,0,0,0,0,0
1500000US131210070012,0,0,0,1,0,0,0,0,0,0,0
1500000US131210070013,0,0,0,1,0,0,0,0,0,0,0
1500000US131210070021,0,0,0,1,0,0,0,0,0,0,0
1500000US131210070022,0,0,0,1,0,0,0,0,0,0,0
1500000US131210070023,0,0,0,1,0,0,0,0,0,0,0
1500000US131210070024,0,0,0,1,0,0,0,0,0,0,0
1500000US131210071001,0,0,0,0.9635,0,0,0,0,0,0,0
1500000US131210071002,0,0,0,0.9961,0,0,0,0,0,0,0
1500000US131210072001,0,0,0,0.987,0,0,0,0,0,0,0
1500000US131210072002,0,0,0,0.9801,0,0,0,0,0,0,0
1500000US131210073001,0,0,0,1,0,0,0,0,0,0,0
1500000US131210073002,0,0,0,1,0,0,0,0,0,0,0
1500000US131210073003,0,0,0,1,0,0,0,0,0,0,0
1500000US131210074001,0,0,0,0.0123,0.9853,0,0,0,0,0,0
1500000US131210074002,0,0,0,0,0.988,0,0,0,0,0,0
1500000US131210075001,0,0,0,0.0148,0.99,0,0,0,0,0,0
1500000US131210075002,0,0,0,0,1,0,0,0,0,0,0
1500000US131210075003,0,0,0,0,0.9896,0,0,0,0,0,0
1500000US131210075004,0,0,0,0,0.9917,0,0,0,0,0,0
1500000US131210076021,0,0,0,0,1,0,0,0,0,0,0
1500000US131210076022,0,0,0,0,1,0,0,0,0,0,0
1500000US131210076023,0,0,0,0,1,0,0,0,0,0,0
1500000US131210076031,0,0,0,0,0.9919,0,0,0,0,0,0
1500000US131210076032,0,0,0,0,1,0,0,0,0,0,0
1500000US131210076033,0,0,0,0,0.9964,0,0,0,0,0,0
1500000US131210076041,0,0,0,0,0.9775,0,0,0,0,0,0
1500000US131210077031,0,0,0,0,1,0,0,0,0,0,0
1500000US131210077032,0,0,0,0,1,0,0,0,0,0,0
1500000US131210077033,0,0,0,0,0.6932,0,0,0,0,0,0
1500000US131210077041,0,0,0,0,0.9946,0,0,0,0,0,0
1500000US131210077042,0,0,0,0,1,0,0,0,0,0,0
1500000US131210077043,0,0,0,0,0.972,0,0,0,0,0,0
1500000US131210077051,0,0,0,0,0.9955,0,0,0,0,0,0
1500000US131210077052,0,0,0,0,0.9652,0,0,0,0,0,0
1500000US131210077061,0,0,0,0,1,0,0,0,0,0,0
1500000US131210077062,0,0,0,0,0.6126,0,0,0,0,0,0
1500000US131210077063,0,0,0,0,0.9901,0,0,0,0,0,0
1500000US131210078021,0,0,0,0,0.8143,0,0,0,0,0,0
1500000US131210078022,0,0,0,0,0.6282,0,0,0,0,0,0
1500000US131210078023,0,0,0,0,1,0,0,0,0,0,0
1500000US131210078024,0,0,0,0,0.4592,0,0,0,0,0,0
1500000US131210078051,0,0,0,0,0.1775,0.0221,0,0,0,0,0
1500000US131210078052,0,0,0,0,0.1884,0,0,0,0,0,0
1500000US131210078061,0,0,0,0,1,0,0,0,0,0,0
1500000US131210078062,0,0,0,0,0.869,0,0,0,0,0,0
1500000US131210078063,0,0,0,0,1,0,0,0,0,0,0
1500000US131210078071,0,0,0,0,0.91,0.0895,0,0,0,0,0
1500000US131210078072,0,0,0,0,0.7335,0.2684,0,0,0,0,0
1500000US131210078081,0,0,0,0,1,0,0,0,0,0,0
1500000US131210078082,0,0,0,0,1,0,0,0,0,0,0
1500000US131210079001,0,0,0,0,1,0,0,0,0,0,0
1500000US131210079002,0,0,0,0,1,0,0,0,0,0,0
1500000US131210079003,0,0,0,0,0.6728,0,0,0,0,0,0
1500000US131210080001,0,0,0,0,1,0,0,0,0,0,0
1500000US131210080002,0,0,0,0,1,0,0,0,0,0,0
1500000US131210080003,0,0,0,0,1,0,0,0,0,0,0
1500000US131210080004,0,0,0,0,1,0,0,0,0,0,0
1500000US131210080005,0,0,0,0,1,0,0,0,0,0,0
1500000US131210081011,0,0,0,0,1,0,0,0,0,0,0
1500000US131210081021,0,0,0,0,0.9535,0.0467,0,0,0,0,0
1500000US131210081022,0,0,0,0,1,0,0,0,0,0,0
1500000US131210081023,0,0,0,0,1,0,0,0,0,0,0
1500000US131210081024,0,0,0,0,1,0,0,0,0,0,0
1500000US131210082011,0,0,0,0,0.2449,0.7553,0,0,0,0,0
1500000US131210082012,0,0,0,0,0,1,0,0,0,0,0
1500000US131210082013,0,0,0,0,0.0161,0.9861,0,0,0,0,0
1500000US131210082021,0,0,0,0,0.3635,0.6351,0,0,0,0,0
1500000US131210082022,0,0,0,0,0.331,0.6678,0,0,0,0,0
1500000US131210082023,0,0,0,0,0.3302,0.6702,0,0,0,0,0
1500000US131210082024,0,0,0,0,0,0.3682,0,0,0,0,0
1500000US131210083011,0,0,0,0,0,1,0,0,0,0,0
1500000US131210083012,0,0,0,0,0.0239,0.9764,0,0,0,0,0
1500000US131210083021,0,0,0,0,0,1,0,0,0,0,0
1500000US131210083022,0,0,0,0,0,1,0,0,0,0,0
1500000US131210084001,0.5978,0,0,0,0,1,0,0,0,0,0.5978
1500000US131210084002,0.0343,0,0,0,0,1,0,0,0,0,0.0343
1500000US131210084003,0,0,0,0,0,1,0,0,0,0,0
1500000US131210085001,0.7515,0,0,0,0,1,0,0,0,0,0.7515
1500000US131210085002,0,0,0,0,0,1,0,0,0,0,0
1500000US131210085003,0,0,0,0,0,1,0,0,0,0,0
1500000US131210086011,0,0,0,0,0,1,0,0,0,0,0
1500000US131210086012,0,0,0,0,0,1,0,0,0,0,0
1500000US131210086013,0,0,0,0,0,1,0,0,0,0,0
1500000US131210086014,0,0,0,0,0,1,0,0,0,0,0
1500000US131210086021,0,0,0,0,0,1,0,0,0,0,0
1500000US131210086022,0,0,0,0,0,0.9996,0,0,0,0,0
1500000US131210087001,0,0,0.0016,0,0,0.9985,0,0,0,0,0
1500000US131210087002,0,0,0,0,0,1,0,0,0,0,0
1500000US131210087003,0,0,0,0,0,1,0,0,0,0,0
1500000US131210087004,0.3247,0,0.0121,0,0,0.9878,0,0,0,0,0.3247
1500000US131210088001,0.0448,0,0.9696,0,0,0.0303,0,0.0351,0,0,0.0098
1500000US131210088002,0,0,0.9984,0,0,0.0014,0,0,0,0,0
1500000US131210089021,0.5332,0,1,0,0,0,0,0.5332,0,0,0
1500000US131210089022,0.9983,0,1,0,0,0,0,0.9983,0,0,0
1500000US131210089023,0.9168,0,0.9982,0,0,0.0025,0,0.9149,0,0,0.0025
1500000US131210089024,0.3172,0,1,0,0,0,0,0.3172,0,0,0
1500000US131210089031,0,0,0.9992,0,0,0,0,0,0,0,0
1500000US131210089041,0,0,1,0,0,0,0,0,0,0,0
1500000US131210089042,0,0,1,0,0,0,0,0,0,0,0
1500000US131210089043,0,0,0.9999,0,0,0,0,0,0,0,0
1500000US131210090001,0.101,0,1,0,0,0,0,0.101,0,0,0
1500000US131210090002,0,0,1,0,0,0,0,0,0,0,0
1500000US131210090003,0.6553,0,1,0,0,0,0,0.6553,0,0,0
1500000US131210091011,0.6479,0,1,0,0,0,0,0.6479,0,0,0
1500000US131210091012,0.9818,0,1,0,0,0,0,0.9818,0,0,0
1500000US131210091013,1,0,1,0,0,0,0,1,0,0,0
1500000US131210091014,0.7247,0,1,0,0,0,0,0.7247,0,0,0
1500000US131210091021,0.6222,0,1,0,0,0,0,0.6222,0,0,0
1500000US131210091022,0.9999,0,1,0,0,0,0,0.9999,0,0,0
1500000US131210091023,0.738,0,1,0,0,0,0,0.738,0,0,0
1500000US131210092001,0.9155,0.5945,0.4055,0,0,0,0.5944,0.3211,0,0,0
1500000US131210092002,0,0.9625,0,0,0,0,0,0,0,0,0
1500000US131210092003,0.0001,0.9701,0.0307,0,0,0,0.0001,0,0,0,0
1500000US131210093001,0.8685,0,1,0,0,0,0,0.8685,0,0,0
1500000US131210093002,0.9463,0,1,0,0,0,0,0.9463,0,0,0
1500000US131210093003,0.5499,0,1,0,0,0,0,0.5499,0,0,0
1500000US131210093004,0,0,1,0,0,0,0,0,0,0,0
1500000US131210094021,0.7603,0,1,0,0,0,0,0.7603,0,0,0
1500000US131210094022,0.0002,0.0243,0.9748,0,0,0,0,0.0002,0,0,0
1500000US131210094031,0,0,1,0,0,0,0,0,0,0,0
1500000US131210094032,0,0,1,0,0,0,0,0,0,0,0
1500000US131210094033,0,0,1,0,0,0,0,0,0,0,0
1500000US131210094041,0,0,1,0,0,0,0,0,0,0,0
1500000US131210094042,0,0,0.9879,0,0,0,0,0,0,0,0
1500000US131210094043,0,0,0.9753,0,0,0,0,0,0,0,0
1500000US131210095011,0.0027,0,1,0,0,0,0,0.0027,0,0,0
1500000US131210095012,0,0,1,0,0,0,0,0,0,0,0
1500000US131210095013,0,0,1,0,0,0,0,0,0,0,0
1500000US131210095021,0,0,1,0,0,0,0,0,0,0,0
1500000US131210095022,0,0,1,0,0,0,0,0,0,0,0
1500000US131210095023,0,0,1,0,0,0,0,0,0,0,0
1500000US131210095024,0,0,1,0,0,0,0,0,0,0,0
1500000US131210096011,0,0,1,0,0,0,0,0,0,0,0
1500000US131210096012,0,0,1,0,0,0,0,0,0,0,0
1500000US131210096021,0,0,0.9898,0,0,0,0,0,0,0,0
1500000US131210096022,0,0,1,0,0,0,0,0,0,0,0
1500000US131210096023,0,0,1,0,0,0,0,0,0,0,0
1500000US131210096031,0,0,1,0,0,0,0,0,0,0,0
1500000US131210096032,0,0,1,0,0,0,0,0,0,0,0
1500000US131210096033,0,0,1,0,0,0,0,0,0,0,0
1500000US131210097001,0,0,1,0,0,0,0,0,0,0,0
1500000US131210097002,0,0,0.9998,0,0,0,0,0,0,0,0
1500000US131210097003,0,0,0.9991,0,0,0,0,0,0,0,0
1500000US131210098011,0,0,1,0,0,0,0,0,0,0,0
1500000US131210098012,0,0,1,0,0,0,0,0,0,0,0
1500000US131210098013,0,0,1,0,0,0,0,0,0,0,0
1500000US131210098021,0,0,1,0,0,0,0,0,0,0,0
1500000US131210098022,0,0,0.9364,0,0,0,0,0,0,0,0
1500000US131210099001,0,0,1,0,0,0,0,0,0,0,0
1500000US131210099002,0,0,1,0,0,0,0,0,0,0,0
1500000US131210099003,0,0,1,0,0,0,0,0,0,0,0
1500000US131210099004,0,0,1,0,0,0,0,0,0,0,0
1500000US131210100011,0,0,1,0,0,0,0,0,0,0,0
1500000US131210100012,0,0,1,0,0,0,0,0,0,0,0
1500000US131210100013,0,0,0.9776,0,0,0,0,0,0,0,0
1500000US131210100014,0,0,1,0,0,0,0,0,0,0,0
1500000US131210100021,0,0,0.7001,0,0,0,0,0,0,0,0
1500000US131210100022,0,0,0.7733,0,0,0,0,0,0,0,0
1500000US131210100023,0,0,0.9992,0,0,0,0,0,0,0,0
1500000US131210101061,0,0,0,0,0,0,0,0,0,0,0
1500000US131210101062,0,0,0,0,0,0,0,0,0,0,0
1500000US131210101063,0,0,0,0,0,0,0,0,0,0,0
1500000US131210101071,0,0,0,0,0,0,0,0,0,0,0
1500000US131210101072,0,0,0,0,0,0,0,0,0,0,0
1500000US131210101081,0,0,0,0,0,0,0,0,0,0,0
1500000US131210101082,0,0,0,0,0,0,0,0,0,0,0
1500000US131210101101,0,0,0,0,0,0,0,0,0,0,0
1500000US131210101102,0,0,0,0,0,0,0,0,0,0,0
1500000US131210101103,0,0,0,0,0,0,0,0,0,0,0
1500000US131210101131,0,0,0,0,0,0,0,0,0,0,0
1500000US131210101132,0,0,0,0,0,0,0,0,0,0,0
1500000US131210101133,0,0,0,0,0,0,0,0,0,0,0
1500000US131210101141,0,0,0,0,0,0,0,0,0,0,0
1500000US131210101142,0,0,0.1544,0,0,0,0,0,0,0,0
1500000US131210101143,0,0,0,0,0,0,0,0,0,0,0
1500000US131210101151,0,0,0,0,0,0,0,0,0,0,0
1500000US131210101171,0,0,0,0,0,0,0,0,0,0,0
1500000US131210101172,0,0,0,0,0,0,0,0,0,0,0
1500000US131210101181,0,0,0,0,0,0,0,0,0,0,0
1500000US131210101182,0,0,0,0,0,0,0,0,0,0,0
1500000US131210101183,0,0,0,0,0,0,0,0,0,0,0
1500000US131210101191,0,0,0,0,0,0,0,0,0,0,0
1500000US131210101192,0,0,0,0,0,0,0,0,0,0,0
1500000US131210101193,0,0,0,0,0,0,0,0,0,0,0
1500000US131210101201,0,0,0,0,0,0,0,0,0,0,0
1500000US131210101211,0,0,0,0,0,0,0,0,0,0,0
1500000US131210101221,0,0,0,0,0,0,0,0,0,0,0
1500000US131210101222,0,0,0,0,0,0,0,0,0,0,0
1500000US131210101223,0,0,0,0,0,0,0,0,0,0,0
1500000US131210101231,0,0,0,0,0,0,0,0,0,0,0
1500000US131210101232,0,0,0,0,0,0,0,0,0,0,0
1500000US131210101233,0,0,0,0,0,0,0,0,0,0,0
1500000US131210102041,0,0,0,0,0,0,0,0,0,0,0
1500000US131210102042,0,0,0,0,0,0,0,0,0,0,0
1500000US131210102043,0,0,0,0,0,0,0,0,0,0,0
1500000US131210102044,0,0,0,0,0,0,0,0,0,0,0
1500000US131210102051,0,0,0,0,0,0,0,0,0,0,0
1500000US131210102052,0,0,0,0,0,0,0,0,0,0,0
1500000US131210102053,0,0,0,0,0,0,0,0,0,0,0
1500000US131210102054,0,0,0,0,0,0,0,0,0,0,0
1500000US131210102061,0,0,0.018,0,0,0,0,0,0,0,0
1500000US131210102062,0,0,0,0,0,0,0,0,0,0,0
1500000US131210102063,0,0,0,0,0,0,0,0,0,0,0
1500000US131210102081,0,0,0,0,0,0,0,0,0,0,0
1500000US131210102082,0,0,0,0,0,0,0,0,0,0,0
1500000US131210102083,0,0,0,0,0,0,0,0,0,0,0
1500000US131210102091,0,0,0,0,0,0,0,0,0,0,0
1500000US131210102092,0,0,0,0,0,0,0,0,0,0,0
1500000US131210102093,0,0,0,0,0,0,0,0,0,0,0
1500000US131210102101,0,0,0,0,0,0,0,0,0,0,0
1500000US131210102102,0,0,0,0,0,0,0,0,0,0,0
1500000US131210102103,0,0,0,0,0,0,0,0,0,0,0
1500000US131210102111,0,0,0.6764,0,0,0,0,0,0,0,0
1500000US131210102112,0,0,0.2541,0,0,0,0,0,0,0,0
1500000US131210102121,0,0,0,0,0,0,0,0,0,0,0
1500000US131210102122,0,0,0,0,0,0,0,0,0,0,0
1500000US131210102123,0,0,0,0,0,0,0,0,0,0,0
1500000US131210103011,0,0,0,0,0,0,0,0,0,0,0
1500000US131210103012,0,0,0,0,0,0,0,0,0,0,0
1500000US131210103031,0,0,0,0,0.1926,0,0,0,0,0,0
1500000US131210103032,0,0,0,0,0.0331,0,0,0,0,0,0
1500000US131210103041,0,0,0,0,0,0,0,0,0,0,0
1500000US131210103042,0,0,0,0,0,0,0,0,0,0,0
1500000US131210104001,0,0,0,0,0,0,0,0,0,0,0
1500000US131210104002,0,0,0,0,0,0,0,0,0,0,0
1500000US131210104003,0,0,0,0,0,0,0,0,0,0,0
1500000US131210104004,0,0,0,0,0,0,0,0,0,0,0
1500000US131210105071,0,0,0,0,0,0,0,0,0,0,0
1500000US131210105072,0,0,0,0,0,0,0,0,0,0,0
1500000US131210105073,0,0,0,0,0,0,0,0,0,0,0
1500000US131210105074,0,0,0,0,0,0,0,0,0,0,0
1500000US131210105081,0,0,0,0,0,0,0,0,0,0,0
1500000US131210105101,0,0,0,0,0,0,0,0,0,0,0
1500000US131210105102,0,0,0,0,0,0,0,0,0,0,0
1500000US131210105103,0,0,0,0,0,0,0,0,0,0,0
1500000US131210105104,0,0,0,0,0,0,0,0,0,0,0
1500000US131210105111,0,0,0,0,0,0,0,0,0,0,0
1500000US131210105112,0,0,0,0,0,0,0,0,0,0,0
1500000US131210105113,0,0,0,0,0,0,0,0,0,0,0
1500000US131210105121,0,0,0,0,0,0,0,0,0,0,0
1500000US131210105122,0,0,0,0,0,0,0,0,0,0,0
1500000US131210105123,0,0,0,0,0,0,0,0,0,0,0
1500000US131210105131,0,0,0,0,0,0,0,0,0,0,0
1500000US131210105132,0,0,0,0,0,0,0,0,0,0,0
1500000US131210105133,0,0,0,0,0,0,0,0,0,0,0
1500000US131210105141,0,0,0,0,0,0,0,0,0,0,0
1500000US131210105142,0,0,0,0,0,0,0,0,0,0,0
1500000US131210105143,0,0,0,0,0,0,0,0,0,0,0
1500000US131210105151,0,0,0,0,0,0,0,0,0,0,0
1500000US131210105161,0,0,0,0,0,0,0,0,0,0,0
1500000US131210105162,0,0,0,0,0,0,0,0,0,0,0
1500000US131210105163,0,0,0,0,0,0,0,0,0,0,0
1500000US131210106011,0,0,0,0,0,0,0,0,0,0,0
1500000US131210106012,0,0,0,0,0,0,0,0,0,0,0
1500000US131210106013,0,0,0,0,0,0,0,0,0,0,0
1500000US131210106014,0,0,0,0,0,0,0,0,0,0,0
1500000US131210106031,0,0,0,0,0,0,0,0,0,0,0
1500000US131210106032,0,0,0,0,0,0,0,0,0,0,0
1500000US131210106033,0,0,0,0,0,0,0,0,0,0,0
1500000US131210106041,0,0,0,0,0,0,0,0,0,0,0
1500000US131210106042,0,0,0,0,0,0,0,0,0,0,0
1500000US131210106043,0,0,0,0,0,0,0,0,0,0,0
1500000US131210108001,0,0,0,0,0,0,0,0,0,0,0
1500000US131210108002,0,0,0,0,0.0001,0,0,0,0,0,0
1500000US131210108003,0,0,0,0.002,0.0328,0,0,0,0,0,0
1500000US131210108004,0,0,0,0.0599,0.0014,0,0,0,0,0,0
1500000US131210108005,0,0,0,0.0897,0,0,0,0,0,0,0
1500000US131210108006,0,0,0,0,0,0,0,0,0,0,0
1500000US131210110001,0,0,0,0,0,0,0,0,0,0,0
1500000US131210110002,0,0,0,0,0,0,0,0,0,0,0
1500000US131210110003,0,0,0,0,0,0,0,0,0,0,0
1500000US131210110004,0,0,0,0,0.0062,0,0,0,0,0,0
1500000US131210111001,0,0,0,0,0.0035,0,0,0,0,0,0
1500000US131210111002,0,0,0,0,0,0,0,0,0,0,0
1500000US131210111003,0,0,0,0,0.0022,0,0,0,0,0,0
1500000US131210112011,0,0,0,0,0.0478,0,0,0,0,0,0
1500000US131210112012,0,0,0,0,0.0006,0,0,0,0,0,0
1500000US131210112013,0,0,0,0,0,0,0,0,0,0,0
1500000US131210112021,0,0,0,0,0,0,0,0,0,0,0
1500000US131210112022,0,0,0,0,0,0,0,0,0,0,0
1500000US131210112023,0,0,0,0,0,0,0,0,0,0,0
1500000US131210112024,0,0,0,0,0,0,0,0,0,0,0
1500000US131210112025,0,0,0,0,0,0,0,0,0,0,0
1500000US131210112026,0,0,0,0,0,0,0,0,0,0,0
1500000US131210113011,0,0,0,0,0,0,0,0,0,0,0
1500000US131210113012,0,0,0,0,0,0,0,0,0,0,0
1500000US131210113013,0,0,0,0,0,0,0,0,0,0,0
1500000US131210113014,0,0,0,0,0.0035,0,0,0,0,0,0
1500000US131210113015,0,0,0,0,0.0123,0,0,0,0,0,0
1500000US131210113016,0,0,0,0,0,0,0,0,0,0,0
1500000US131210113031,0,0,0,0,0.0079,0,0,0,0,0,0
1500000US131210113032,0,0,0,0,0,0,0,0,0,0,0
1500000US131210113033,0,0,0,0,0,0,0,0,0,0,0
1500000US131210113034,0,0,0,0,0,0,0,0,0,0,0
1500000US131210113035,0,0,0,0,0,0,0,0,0,0,0
1500000US131210113051,0,0,0,0,0,0,0,0,0,0,0
1500000US131210113052,0,0,0,0,0,0,0,0,0,0,0
1500000US131210113053,0,0,0,0,0,0,0,0,0,0,0
1500000US131210113061,0,0,0,0,0,0,0,0,0,0,0
1500000US131210113062,0,0,0,0,0.0001,0,0,0,0,0,0
1500000US131210114051,0,0,0,0,0,0,0,0,0,0,0
1500000US131210114052,0,0,0,0,0,0,0,0,0,0,0
1500000US131210114053,0,0,0,0,0,0,0,0,0,0,0
1500000US131210114054,0,0,0,0,0,0,0,0,0,0,0
1500000US131210114101,0,0,0,0,0,0,0,0,0,0,0
1500000US131210114102,0,0,0,0,0,0,0,0,0,0,0
1500000US131210114103,0,0,0,0,0,0,0,0,0,0,0
1500000US131210114111,0,0,0,0,0,0,0,0,0,0,0
1500000US131210114112,0,0,0,0,0,0,0,0,0,0,0
1500000US131210114113,0,0,0,0,0,0,0,0,0,0,0
1500000US131210114114,0,0,0,0,0,0,0,0,0,0,0
1500000US131210114115,0,0,0,0,0,0,0,0,0,0,0
1500000US131210114121,0,0,0,0,0,0,0,0,0,0,0
1500000US131210114122,0,0,0,0,0,0,0,0,0,0,0
1500000US131210114123,0,0,0,0,0,0,0,0,0,0,0
1500000US131210114141,0,0,0,0,0,0,0,0,0,0,0
1500000US131210114142,0,0,0,0,0,0,0,0,0,0,0
1500000US131210114143,0,0,0,0,0,0,0,0,0,0,0
1500000US131210114144,0,0,0,0,0,0,0,0,0,0,0
1500000US131210114161,0,0,0,0,0,0,0,0,0,0,0
1500000US131210114162,0,0,0,0,0,0,0,0,0,0,0
1500000US131210114163,0,0,0,0,0,0,0,0,0,0,0
1500000US131210114171,0,0,0,0,0,0,0,0,0,0,0
1500000US131210114172,0,0,0,0,0,0,0,0,0,0,0
1500000US131210114173,0,0,0,0,0,0,0,0,0,0,0
1500000US131210114174,0,0,0,0,0,0,0,0,0,0,0
1500000US131210114181,0,0,0,0,0,0,0,0,0,0,0
1500000US131210114182,0,0,0,0,0,0,0,0,0,0,0
1500000US131210114183,0,0,0,0,0,0,0,0,0,0,0
1500000US131210114184,0,0,0,0,0,0,0,0,0,0,0
1500000US131210114191,0,0,0,0,0,0,0,0,0,0,0
1500000US131210114192,0,0,0,0,0,0,0,0,0,0,0
1500000US131210114193,0,0,0,0,0,0,0,0,0,0,0
1500000US131210114201,0,0,0,0,0,0,0,0,0,0,0
1500000US131210114202,0,0,0,0,0,0,0,0,0,0,0
1500000US131210114203,0,0,0,0,0,0,0,0,0,0,0
1500000US131210114211,0,0,0,0,0,0,0,0,0,0,0
1500000US131210114212,0,0,0,0,0,0,0,0,0,0,0
1500000US131210114221,0,0,0,0,0,0,0,0,0,0,0
1500000US131210114222,0,0,0,0,0,0,0,0,0,0,0
1500000US131210114231,0,0,0,0,0,0,0,0,0,0,0
1500000US131210114232,0,0,0,0,0,0,0,0,0,0,0
1500000US131210114233,0,0,0,0,0,0,0,0,0,0,0
1500000US131210114234,0,0,0,0,0,0,0,0,0,0,0
1500000US131210114241,0,0,0,0,0,0,0,0,0,0,0
1500000US131210114242,0,0,0,0,0,0,0,0,0,0,0
1500000US131210114251,0,0,0,0,0,0,0,0,0,0,0
1500000US131210114252,0,0,0,0,0,0,0,0,0,0,0
1500000US131210114253,0,0,0,0,0,0,0,0,0,0,0
1500000US131210114261,0,0,0,0,0,0,0,0,0,0,0
1500000US131210114271,0,0,0,0,0,0,0,0,0,0,0
1500000US131210114272,0,0,0,0,0,0,0,0,0,0,0
1500000US131210114273,0,0,0,0,0,0,0,0,0,0,0
1500000US131210115031,0,0,0,0,0,0,0,0,0,0,0
1500000US131210115032,0,0,0,0,0,0,0,0,0,0,0
1500000US131210115033,0,0,0,0,0,0,0,0,0,0,0
1500000US131210115041,0,0,0,0,0,0,0,0,0,0,0
1500000US131210115042,0,0,0,0,0,0,0,0,0,0,0
1500000US131210115043,0,0,0,0,0,0,0,0,0,0,0
1500000US131210115044,0,0,0,0,0,0,0,0,0,0,0
1500000US131210115051,0,0,0,0,0,0,0,0,0,0,0
1500000US131210115052,0,0,0,0,0,0,0,0,0,0,0
1500000US131210115061,0,0,0,0,0,0,0,0,0,0,0
1500000US131210115062,0,0,0,0,0,0,0,0,0,0,0
1500000US131210115063,0,0,0,0,0,0,0,0,0,0,0
1500000US131210116101,0,0,0,0,0,0,0,0,0,0,0
1500000US131210116102,0,0,0,0,0,0,0,0,0,0,0
1500000US131210116111,0,0,0,0,0,0,0,0,0,0,0
1500000US131210116112,0,0,0,0,0,0,0,0,0,0,0
1500000US131210116113,0,0,0,0,0,0,0,0,0,0,0
1500000US131210116121,0,0,0,0,0,0,0,0,0,0,0
1500000US131210116122,0,0,0,0,0,0,0,0,0,0,0
1500000US131210116131,0,0,0,0,0,0,0,0,0,0,0
1500000US131210116132,0,0,0,0,0,0,0,0,0,0,0
1500000US131210116141,0,0,0,0,0,0,0,0,0,0,0
1500000US131210116142,0,0,0,0,0,0,0,0,0,0,0
1500000US131210116143,0,0,0,0,0,0,0,0,0,0,0
1500000US131210116151,0,0,0,0,0,0,0,0,0,0,0
1500000US131210116152,0,0,0,0,0,0,0,0,0,0,0
1500000US131210116153,0,0,0,0,0,0,0,0,0,0,0
1500000US131210116161,0,0,0,0,0,0,0,0,0,0,0
1500000US131210116162,0,0,0,0,0,0,0,0,0,0,0
1500000US131210116163,0,0,0,0,0,0,0,0,0,0,0
1500000US131210116171,0,0,0,0,0,0,0,0,0,0,0
1500000US131210116172,0,0,0,0,0,0,0,0,0,0,0
1500000US131210116173,0,0,0,0,0,0,0,0,0,0,0
1500000US131210116181,0,0,0,0,0,0,0,0,0,0,0
1500000US131210116191,0,0,0,0,0,0,0,0,0,0,0
1500000US131210116192,0,0,0,0,0,0,0,0,0,0,0
1500000US131210116193,0,0,0,0,0,0,0,0,0,0,0
1500000US131210116201,0,0,0,0,0,0,0,0,0,0,0
1500000US131210116202,0,0,0,0,0,0,0,0,0,0,0
1500000US131210116203,0,0,0,0,0,0,0,0,0,0,0
1500000US131210116211,0,0,0,0,0,0,0,0,0,0,0
1500000US131210116212,0,0,0,0,0,0,0,0,0,0,0
1500000US131210116213,0,0,0,0,0,0,0,0,0,0,0
1500000US131210116221,0,0,0,0,0,0,0,0,0,0,0
1500000US131210116222,0,0,0,0,0,0,0,0,0,0,0
1500000US131210116223,0,0,0,0,0,0,0,0,0,0,0
1500000US131210116231,0,0,0,0,0,0,0,0,0,0,0
1500000US131210116232,0,0,0,0,0,0,0,0,0,0,0
1500000US131210116233,0,0,0,0,0,0,0,0,0,0,0
1500000US131210116234,0,0,0,0,0,0,0,0,0,0,0
1500000US131210116241,0,0,0,0,0,0,0,0,0,0,0
1500000US131210116242,0,0,0,0,0,0,0,0,0,0,0
1500000US131210116251,0,0,0,0,0,0,0,0,0,0,0
1500000US131210116252,0,0,0,0,0,0,0,0,0,0,0
1500000US131210116253,0,0,0,0,0,0,0,0,0,0,0
1500000US131210116261,0,0,0,0,0,0,0,0,0,0,0
1500000US131210116262,0,0,0,0,0,0,0,0,0,0,0
1500000US131210118001,0,0,0,0,0,1,0,0,0,0,0
1500000US131210118002,0.4569,0,0.0058,0,0,0.9943,0,0.0037,0,0,0.4533
1500000US131210118003,0,0.3485,0,0,0,0.6511,0,0,0,0,0
1500000US131210119001,0.6352,0.992,0,0.0082,0,0,0.6274,0,0.0078,0,0
1500000US131210119002,0,0.9982,0,0.0017,0,0,0,0,0,0,0
1500000US131210120001,0.0017,0.095,0,0.2106,0.6964,0,0,0,0.0014,0.0003,0
1500000US131210120002,0.5189,0,0,1,0,0,0,0,0.5189,0,0
1500000US131210123001,0,0,0,0,0,0,0,0,0,0,0
1500000US131210123002,0,0,0,0,0,0,0,0,0,0,0
1500000US131210123003,0,0,0,0,0,0,0,0,0,0,0
1500000US131219800001,0,0,0,0,0.3032,0,0,0,0,0,0